date,stock_id,stock_name,trade_volume,trade_value,open_price,high_price,low_price,close_price,price_change,transaction_count
2026-01-26,0050,元大台灣50,87992466,6373835828,72.25,72.65,72.2,72.25,0.0,72487
2026-01-26,0051,元大中型100,101035,10547622,103.6,104.65,103.6,104.45,0.85,529
2026-01-26,0052,富邦科技,45458233,1954016650,42.9,43.12,42.82,42.85,0.04,23489
2026-01-26,0053,元大電子,62358,9978460,160.0,161.15,159.7,159.7,-0.25,627
2026-01-26,0055,元大MSCI金融,151878,4903489,32.05,32.43,32.01,32.38,0.33,438
2026-01-26,0056,元大高股息,90529500,3447321129,37.88,38.23,37.85,38.23,0.5,31341
2026-01-26,0057,富邦摩台,6390,1366109,214.55,214.55,213.85,214.05,0.6,140
2026-01-26,0061,元大寶滬深,240597,5691049,23.66,23.77,23.52,23.63,-0.03,264
2026-01-26,006203,元大MSCI台灣,8306,1089556,131.1,131.75,130.8,131.3,0.1,140
2026-01-26,006204,永豐臺灣加權,20034,3278905,163.35,164.5,163.05,163.8,0.45,131
2026-01-26,006205,富邦上証,792865,32489208,40.88,41.29,40.72,40.96,0.08,279
2026-01-26,006206,元大上證50,149981,5632008,37.44,38.0,37.11,37.69,0.24,258
2026-01-26,006207,復華滬深,352394,11122928,31.45,31.75,31.4,31.53,0.07,148
2026-01-26,006208,富邦台50,4221611,707305764,167.15,168.1,167.0,167.3,0.15,10141
2026-01-26,00625K,富邦上証+R,0,0,0.0,0.0,0.0,0.0,0.0,0
2026-01-26,00631L,元大台灣50正2,2344947,1036955648,440.8,444.05,440.5,441.45,0.25,5470
2026-01-26,00632R,元大台灣50反1,26380416,392368101,14.89,14.91,14.84,14.88,-0.01,4096
2026-01-26,00633L,富邦上証正2,6194964,295333395,47.25,48.49,47.15,47.96,0.58,1152
2026-01-26,00634R,富邦上証反1,69000,225270,3.27,3.28,3.24,3.26,-0.02,18
2026-01-26,00635U,期元大S&P黃金,16261029,880341370,53.8,54.4,53.7,54.05,1.05,9679
2026-01-26,00636,國泰中國A50,1371135,36271119,26.4,26.72,26.36,26.56,0.03,398
2026-01-26,00636K,國泰中國A50+U,200,1694,8.47,8.47,8.47,8.47,0.03,2
2026-01-26,00637L,元大滬深300正2,44515636,872404796,19.5,19.91,19.36,19.64,0.19,5962
2026-01-26,00638R,元大滬深300反1,103021,720877,7.11,7.11,6.95,6.99,-0.08,32
2026-01-26,00639,富邦深100,1583972,24420973,15.48,15.5,15.35,15.39,-0.09,340
2026-01-26,00640L,富邦日本正2,710925,59811094,84.4,84.65,83.7,84.1,-3.25,683
2026-01-26,00641R,富邦日本反1,2269640,9909261,4.35,4.38,4.35,4.37,0.1,147
2026-01-26,00642U,期元大S&P石油,9137942,146716876,16.05,16.09,16.02,16.05,0.31,1817
2026-01-26,00643,群益深証中小,2650289,48177536,18.37,18.44,18.05,18.06,-0.31,311
2026-01-26,00643K,群益深証中小+R,3000,12150,4.05,4.05,4.05,4.05,0.0,3
2026-01-26,00645,富邦日本,501315,24974289,49.96,49.96,49.71,49.81,-0.94,899
2026-01-26,00646,元大S&P500,4151238,282368862,68.0,68.15,67.8,68.05,-0.55,5455
2026-01-26,00647L,元大S&P500正2,64495,7560116,117.0,117.4,117.0,117.2,-1.5,176
2026-01-26,00648R,元大S&P500反1,874186,3782906,4.32,4.34,4.32,4.33,0.01,38
2026-01-26,00650L,復華香港正2,3461690,65477247,18.96,19.15,18.77,18.84,-0.11,593
2026-01-26,00651R,復華香港反1,352806,1805942,5.12,5.13,5.07,5.11,0.0,19
2026-01-26,00652,富邦印度,475174,17095740,35.95,36.21,35.66,36.21,0.21,532
2026-01-26,00653L,富邦印度正2,216081,11651272,54.15,54.35,53.55,54.2,-0.4,105
2026-01-26,00654R,富邦印度反1,29000,189080,6.58,6.58,6.5,6.56,0.08,10
2026-01-26,00655L,國泰中國A50正2,3092721,102024830,32.8,33.54,32.53,33.12,0.37,559
2026-01-26,00656R,國泰中國A50反1,95840,594815,6.22,6.22,6.15,6.2,-0.04,12
2026-01-26,00657,國泰日經225,605808,37755065,62.4,62.5,62.2,62.3,-0.85,129
2026-01-26,00657K,國泰日經225+U,200,3940,19.7,19.7,19.7,19.7,-0.32,2
2026-01-26,00660,元大歐洲50,19801,862985,43.57,43.64,43.57,43.57,0.0,94
2026-01-26,00661,元大日經225,930346,63349405,68.6,68.6,67.4,68.25,-1.05,533
2026-01-26,00662,富邦NASDAQ,4069516,419018656,103.15,103.15,102.75,103.0,-0.65,4002
2026-01-26,00663L,國泰臺灣加權正2,4855878,280305570,57.55,58.0,57.5,57.6,0.0,2378
2026-01-26,00664R,國泰臺灣加權反1,7303931,17546514,2.4,2.41,2.4,2.4,-0.01,452
2026-01-26,00665L,富邦恒生國企正2,17831096,200614927,11.28,11.37,11.14,11.18,-0.1,1749
2026-01-26,00666R,富邦恒生國企反1,22000,189940,8.58,8.66,8.58,8.65,0.03,8
2026-01-26,00668,國泰美國道瓊,190060,10665958,56.5,56.5,56.1,56.15,-0.75,143
2026-01-26,00668K,國泰美國道瓊+U,200,3584,17.92,17.92,17.92,17.92,-0.11,2
2026-01-26,00669R,國泰美國道瓊反1,434700,2440803,5.61,5.62,5.61,5.61,0.03,77
2026-01-26,00670L,富邦NASDAQ正2,659563,107417968,162.15,163.3,162.15,163.05,-0.8,928
2026-01-26,00671R,富邦NASDAQ反1,8236154,23401347,2.84,2.85,2.83,2.84,0.0,178
2026-01-26,00673R,期元大S&P原油反1,15371080,408356595,26.58,26.63,26.5,26.6,-0.56,2573
2026-01-26,00674R,期元大S&P黃金反1,5860246,29406621,5.05,5.05,4.99,5.03,-0.1,490
2026-01-26,00675L,富邦臺灣加權正2,2004691,351972365,174.9,176.3,174.8,175.2,0.3,1648
2026-01-26,00676R,富邦臺灣加權反1,1335940,10916531,8.19,8.19,8.16,8.19,0.01,210
2026-01-26,00678,群益那斯達克生技,469072,16867014,36.58,36.58,35.84,35.94,-0.83,274
2026-01-26,00680L,元大美債20正2,43030798,313074464,7.29,7.3,7.26,7.28,0.02,1326
2026-01-26,00681R,元大美債20反1,640300,13251226,20.66,20.7,20.66,20.66,-0.09,11
2026-01-26,00682U,期元大美元指數,4690,93307,19.84,19.92,19.84,19.92,0.0,11
2026-01-26,00683L,期元大美元指正2,113833,2307842,20.43,20.43,20.23,20.24,-0.58,60
2026-01-26,00684R,期元大美元指反1,77120,1211596,15.68,15.79,15.68,15.77,0.19,11
2026-01-26,00685L,群益臺灣加權正2,455389,71695367,157.15,158.15,156.9,157.5,0.35,553
2026-01-26,00686R,群益臺灣加權反1,1812709,2648526,1.47,1.47,1.45,1.46,0.0,86
2026-01-26,00688L,國泰20年美債正2,14239863,103395878,7.27,7.28,7.25,7.27,0.03,758
2026-01-26,00689R,國泰20年美債反1,153000,3294590,21.54,21.54,21.53,21.53,-0.1,3
2026-01-26,00690,兆豐藍籌30,587146,29643709,50.2,50.7,50.2,50.45,0.3,410
2026-01-26,00692,富邦公司治理,1323876,84612296,63.75,64.05,63.65,63.8,0.05,1336
2026-01-26,00693U,期街口S&P黃豆,1355994,27827677,20.43,20.55,20.43,20.54,0.22,436
2026-01-26,00700,富邦恒生國企,292791,5444441,18.7,18.71,18.53,18.53,-0.16,202
2026-01-26,00701,國泰股利精選30,1872208,54607556,29.03,29.37,29.01,29.33,0.3,805
2026-01-26,00702,國泰標普低波高息,110428,2573785,23.32,23.32,23.3,23.3,0.01,88
2026-01-26,00703,台新MSCI中國,314655,6954801,22.2,22.23,22.01,22.07,-0.13,126
2026-01-26,00706L,期元大S&P日圓正2,13542565,283469126,20.67,21.11,20.67,21.07,1.15,2199
2026-01-26,00707R,期元大S&P日圓反1,105000,3221040,30.89,30.89,30.63,30.76,-0.94,18
2026-01-26,00708L,期元大S&P黃金正2,9510332,1162427822,120.65,123.3,120.4,121.9,4.75,5334
2026-01-26,00709,富邦歐洲,81164,3106966,38.2,38.3,38.2,38.3,0.06,245
2026-01-26,00710B,復華彭博非投等債,230247,4383256,19.1,19.1,19.02,19.02,-0.11,103
2026-01-26,00711B,復華彭博新興債,163488,2664021,16.34,16.34,16.26,16.28,-0.08,18
2026-01-26,00712,復華富時不動產,17470249,167912727,9.65,9.65,9.6,9.6,-0.1,4766
2026-01-26,00713,元大台灣高息低波,15413877,800076963,51.65,52.1,51.6,52.1,0.45,8880
2026-01-26,00714,群益道瓊美國地產,123190,2488552,20.2,20.21,20.18,20.2,-0.09,104
2026-01-26,00715L,期街口布蘭特正2,25999955,585762628,22.5,22.65,22.44,22.55,0.83,4316
2026-01-26,00717,富邦美國特別股,149288,2292134,15.4,15.4,15.34,15.36,-0.08,286
2026-01-26,00728,第一金工業30,78120,3278227,41.7,42.05,41.7,41.97,0.27,253
2026-01-26,00730,富邦臺灣優質高息,375392,8725903,23.43,23.5,23.17,23.2,-0.18,427
2026-01-26,00731,復華富時高息低波,1007733,73173502,72.0,72.9,72.0,72.85,1.2,503
2026-01-26,00733,富邦臺灣中小,1244203,63538964,51.0,51.55,50.7,51.05,0.65,956
2026-01-26,00735,國泰臺韓科技,692702,41945428,60.55,60.85,60.3,60.4,0.35,518
2026-01-26,00736,國泰新興市場,112074,3249435,28.99,29.01,28.89,28.99,-0.05,66
2026-01-26,00737,國泰AI機器人,567376,20873502,37.27,37.27,36.72,36.74,-0.56,405
2026-01-26,00738U,期元大道瓊白銀,41387789,3662579228,87.15,89.95,87.0,88.5,7.3,20841
2026-01-26,00739,元大MSCI A股,81384,2226250,27.36,27.5,27.29,27.36,0.07,157
2026-01-26,00752,中信中國50,2568761,68943794,26.99,27.0,26.71,26.83,-0.16,854
2026-01-26,00753L,中信中國50正2,12069813,156953443,13.03,13.14,12.88,12.94,-0.08,1632
2026-01-26,00757,統一FANG+,4093285,465755719,114.15,114.15,113.55,113.8,-0.3,7306
2026-01-26,00762,元大全球AI,353921,30214975,85.5,85.5,85.15,85.35,-0.65,858
2026-01-26,00763U,期街口道瓊銅,7580337,248812795,32.9,33.0,32.67,32.73,0.58,3210
2026-01-26,00770,國泰北美科技,650517,34888527,54.1,54.1,53.5,53.65,-0.45,1360
2026-01-26,00771,元大US高息特別股,22698,368105,16.23,16.24,16.2,16.2,-0.08,142
2026-01-26,00775B,新光投等債15+,81328,2687136,33.04,33.06,33.04,33.06,-0.04,10
2026-01-26,00783,富邦中証500,388089,11369994,29.45,29.58,28.97,28.97,-0.27,188
2026-01-26,00830,國泰費城半導體,28969871,1599987289,55.65,55.65,55.0,55.15,-1.2,31910
2026-01-26,00850,元大臺灣ESG永續,626160,38035655,60.55,60.9,60.5,60.85,0.35,1189
2026-01-26,00851,台新全球AI,19479,1134329,58.1,58.35,58.1,58.25,0.25,99
2026-01-26,00852L,國泰美國道瓊正2,395642,12405577,31.36,31.4,31.32,31.35,-0.67,112
2026-01-26,00861,元大全球未來通訊,58428,3474244,59.5,59.55,59.2,59.35,-0.15,315
2026-01-26,00865B,國泰US短期公債,4363385,206152201,47.38,47.38,47.17,47.22,-0.23,1018
2026-01-26,00875,國泰網路資安,278479,10549414,37.9,37.94,37.86,37.9,-0.38,203
2026-01-26,00876,元大全球5G,156910,9156134,57.75,58.55,57.75,58.35,-0.2,1536
2026-01-26,00878,國泰永續高股息,95639031,2215769236,23.04,23.29,23.02,23.28,0.3,32362
2026-01-26,00881,國泰台灣科技龍頭,21757247,741018398,34.06,34.2,34.0,34.0,0.03,10162
2026-01-26,00882,中信中國高股息,7173393,108919500,15.19,15.27,15.12,15.16,-0.03,1833
2026-01-26,00885,富邦越南,8159838,152744396,18.94,18.94,18.59,18.71,-0.22,2670
2026-01-26,00891,中信關鍵半導體,16016858,377758553,23.48,23.65,23.45,23.62,0.32,4743
2026-01-26,00892,富邦台灣半導體,1147484,28830095,25.04,25.22,25.03,25.14,0.26,606
2026-01-26,00893,國泰智能電動車,1729432,60098018,34.92,34.92,34.69,34.75,-0.17,3114
2026-01-26,00894,中信小資高價30,2192989,66817628,30.64,30.65,30.35,30.49,0.0,1346
2026-01-26,00895,富邦未來車,773462,31973782,41.62,41.62,41.22,41.26,-0.33,885
2026-01-26,00896,中信綠能及電動車,2918162,61491959,21.05,21.12,21.0,21.12,0.15,893
2026-01-26,00897,富邦基因免疫生技,1342729,13148164,9.92,9.92,9.77,9.81,-0.24,490
2026-01-26,00898,國泰基因免疫革命,1141443,9617924,8.52,8.52,8.37,8.43,-0.2,429
2026-01-26,00899,FT潔淨能源,189037,4244328,22.57,22.57,22.41,22.45,-0.12,209
2026-01-26,00900,富邦特選高股息30,15622230,226147181,14.48,14.51,14.42,14.49,0.1,3071
2026-01-26,00901,永豐智能車供應鏈,748517,21234049,28.26,28.44,28.2,28.36,0.25,288
2026-01-26,00902,中信電池及儲能,5348124,77534375,14.4,14.57,14.36,14.48,0.17,1283
2026-01-26,00903,富邦元宇宙,252843,4462856,17.78,17.78,17.63,17.65,-0.13,237
2026-01-26,00904,新光臺灣半導體30,5970668,162912300,27.04,27.4,27.0,27.38,0.53,1677
2026-01-26,00905,FT臺灣Smart,969523,18223056,18.74,18.85,18.74,18.8,0.07,849
2026-01-26,00907,永豐優息存股,1006791,15684382,15.58,15.64,15.51,15.63,0.01,306
2026-01-26,00908,富邦入息REITs+,72753,1029752,14.2,14.2,14.14,14.16,-0.05,118
2026-01-26,00909,國泰數位支付服務,2811997,121675692,43.21,43.4,43.01,43.25,0.06,2237
2026-01-26,00910,第一金太空衛星,3614981,205385292,57.2,57.2,56.4,56.75,-0.2,3660
2026-01-26,00911,兆豐洲際半導體,613880,22644537,37.42,37.42,36.77,36.96,-0.46,2016
2026-01-26,00912,中信臺灣智慧50,1281247,29285392,22.8,22.9,22.79,22.87,0.09,969
2026-01-26,00913,兆豐台灣晶圓製造,414964,12545468,30.01,30.35,30.01,30.35,0.49,241
2026-01-26,00915,凱基優選高股息30,9519664,228883398,23.88,24.18,23.83,24.12,0.24,3072
2026-01-26,00916,國泰全球品牌50,166843,4462565,26.81,26.81,26.7,26.73,-0.1,472
2026-01-26,00917,中信特選金融,4449949,97392457,22.2,22.2,21.8,21.86,-0.38,2896
2026-01-26,00918,大華優利高填息30,16760325,390550193,23.26,23.39,23.18,23.39,0.12,5308
2026-01-26,00919,群益台灣精選高息,82254319,1959885867,23.72,24.0,23.65,23.93,0.21,22632
2026-01-26,00920,富邦ESG綠色電力,489524,9695689,19.86,19.86,19.77,19.8,-0.06,321
2026-01-26,00921,兆豐龍頭等權重,1354287,24898317,18.33,18.43,18.33,18.41,0.13,631
2026-01-26,00922,國泰台灣領袖50,11710723,333955049,28.41,28.58,28.39,28.48,0.09,3545
2026-01-26,00923,群益台ESG低碳50,2535800,73216556,28.84,28.94,28.8,28.86,0.09,1635
2026-01-26,00924,復華S&P500成長,3532674,102713770,29.12,29.14,29.03,29.08,-0.13,3264
2026-01-26,00926,凱基全球菁英55,4731368,111976466,23.63,23.7,23.53,23.66,0.03,606
2026-01-26,00927,群益半導體收益,23751009,599009144,25.05,25.47,24.93,25.46,0.74,5258
2026-01-26,00929,復華台灣科技優息,78020028,1557913274,19.93,20.0,19.88,20.0,0.21,15097
2026-01-26,00930,永豐ESG低碳高息,4402243,80791834,18.26,18.43,18.24,18.4,0.22,1153
2026-01-26,00932,兆豐永續高息等權,1919219,29368342,15.26,15.35,15.24,15.34,0.15,620
2026-01-26,00934,中信成長高股息,2387368,53842323,22.48,22.6,22.48,22.57,0.18,850
2026-01-26,00935,野村臺灣新科技50,22743636,808402792,35.53,35.68,35.41,35.57,0.31,5730
2026-01-26,00936,台新永續高息中小,3751625,66050766,17.65,17.65,17.57,17.63,-0.07,905
2026-01-26,00938,凱基優選30,1596766,29525939,18.52,18.56,18.47,18.52,0.03,244
2026-01-26,00939,統一台灣高息動能,15205936,239195633,15.62,15.81,15.56,15.79,0.17,3451
2026-01-26,00940,元大台灣價值高息,73750481,721111677,9.76,9.8,9.74,9.79,0.05,10069
2026-01-26,00941,中信上游半導體,1551467,31484231,20.35,20.35,20.26,20.27,-0.06,1129
2026-01-26,00943,兆豐電子高息等權,723368,10984254,15.18,15.21,15.16,15.21,0.03,173
2026-01-26,00944,野村趨勢動能高息,1865093,28355054,15.17,15.25,15.13,15.25,0.12,537
2026-01-26,00945B,凱基美國非投等債,9458819,137350886,14.56,14.57,14.5,14.52,-0.08,1664
2026-01-26,00946,群益科技高息成長,11339876,118887404,10.4,10.55,10.37,10.53,0.14,2345
2026-01-26,00947,台新臺灣IC設計,14983058,351441268,22.94,23.66,22.94,23.59,0.78,3950
2026-01-26,00949,復華日本龍頭,1009533,19164863,19.0,19.02,18.94,19.0,0.0,739
2026-01-26,00951,台新日本半導體,2161686,29357695,13.6,13.65,13.48,13.55,-0.07,777
2026-01-26,00952,凱基台灣AI50,2744019,35211874,12.78,12.87,12.78,12.83,0.15,665
2026-01-26,00953B,群益優選非投等債,57369654,559269352,9.76,9.76,9.74,9.75,-0.05,10538
2026-01-26,00954,中信日本半導體,2308624,33645399,14.59,14.66,14.46,14.52,-0.09,735
2026-01-26,00956,中信日經高股息,477469,5677075,11.87,11.92,11.86,11.9,0.03,226
2026-01-26,00960,野村全球航運龍頭,488317,7299869,14.96,14.98,14.93,14.97,0.01,439
2026-01-26,00961,FT臺灣永續高息,1508960,15444279,10.23,10.27,10.2,10.27,0.03,357
2026-01-26,00962,台新AI優息動能,350408,3995631,11.44,11.45,11.36,11.4,-0.02,212
2026-01-26,00963,中信全球高股息,883533,10532240,11.93,11.93,11.91,11.91,0.0,286
2026-01-26,00964,中信亞太高股息,905928,11407727,12.49,12.63,12.49,12.62,0.13,208
2026-01-26,00965,元大航太防衛科技,3891058,99070251,25.49,25.56,25.41,25.46,-0.03,2769
2026-01-26,00971,野村美國研發龍頭,691698,10992182,16.0,16.0,15.79,15.9,-0.11,516
2026-01-26,00972,野村日本動能高息,779506,14752790,18.87,18.94,18.87,18.92,0.08,76
2026-01-26,009800,中信NASDAQ,2519027,28124995,11.21,11.21,11.14,11.18,-0.05,1188
2026-01-26,009801,中信美國創新科技,1503918,16357749,10.92,10.92,10.86,10.87,-0.04,646
2026-01-26,009802,富邦旗艦50,3391690,42117345,12.41,12.47,12.33,12.44,0.11,783
2026-01-26,009803,保德信市值動能50,1207915,17525566,14.48,14.57,14.47,14.49,0.01,617
2026-01-26,009804,聯邦台精彩50,880741,14161450,16.01,16.12,16.01,16.09,0.11,299
2026-01-26,009805,新光美國電力基建,24687399,322359090,13.12,13.12,13.02,13.04,-0.19,8787
2026-01-26,009808,華南永昌優選50,1205521,26213747,21.65,21.79,21.65,21.73,0.08,108
2026-01-26,009809,富邦淨零ESG50,457409,5445639,11.84,11.94,11.84,11.91,0.07,282
2026-01-26,00980A,主動野村臺灣優選,8155180,131346421,16.1,16.17,16.01,16.15,0.16,2643
2026-01-26,009810,保德信全球藍籌,655330,12181543,18.75,18.75,18.57,18.59,-0.08,161
2026-01-26,009811,統一美國50,5553301,64366154,11.63,11.63,11.57,11.59,-0.06,2279
2026-01-26,009812,野村日本東證,2961720,33472130,11.27,11.33,11.27,11.31,0.04,338
2026-01-26,009813,貝萊德標普卓越50,8429103,87700813,10.4,10.43,10.39,10.4,-0.06,2867
2026-01-26,00981A,主動統一台股增長,94657386,1681693424,17.77,17.89,17.67,17.77,0.06,18065
2026-01-26,00981T,平衡凱基雙核收息,2527444,27915619,11.05,11.07,11.03,11.03,-0.02,381
2026-01-26,00982A,主動群益台灣強棒,25903091,398162879,15.34,15.42,15.29,15.36,0.11,6456
2026-01-26,00982D,主動富邦動態入息,3342119,33866212,10.14,10.15,10.13,10.14,-0.03,285
2026-01-26,00982T,平衡兆豐台美動能,7796807,86881897,11.05,11.17,11.05,11.17,0.17,335
2026-01-26,00983A,主動中信ARK創新,7061740,84911290,12.14,12.14,11.99,12.03,-0.26,2453
2026-01-26,00983D,主動富邦複合收益,1833802,18783990,10.28,10.28,10.23,10.24,-0.04,258
2026-01-26,00984A,主動安聯台灣高息,10607328,127885449,11.98,12.12,11.98,12.11,0.16,2155
2026-01-26,00985A,主動野村台灣50,7317114,108624089,14.78,14.88,14.78,14.86,0.11,2263
2026-01-26,00985B,群益ESG投等債0-5,12083998,124425459,10.31,10.32,10.28,10.3,-0.04,1132
2026-01-26,00986A,主動台新龍頭成長,939783,10978748,11.76,11.76,11.65,11.67,-0.12,313
2026-01-26,00987A,主動台新優勢成長,6252175,62292636,9.93,9.99,9.91,9.98,0.05,728
2026-01-26,00988A,主動統一全球創新,18605668,209565142,11.2,11.3,11.2,11.25,-0.17,4825
2026-01-26,00989A,主動摩根美國科技,2731550,41001633,15.08,15.08,14.97,15.03,-0.19,986
2026-01-26,00990A,主動元大AI新經濟,49397265,536153626,10.9,10.91,10.8,10.87,-0.14,8441
2026-01-26,00991A,主動復華未來50,45044148,517866628,11.43,11.55,11.42,11.5,0.08,8069
2026-01-26,00992A,主動群益科技創新,23699270,268647537,11.34,11.4,11.27,11.36,0.09,4244
2026-01-26,00994A,主動第一金台股優,3142599,33320869,10.59,10.66,10.57,10.61,0.05,701
2026-01-26,00995A,主動中信台灣卓越,50364245,522240432,10.35,10.45,10.3,10.36,0.04,7824
2026-01-26,01001T,土銀富邦R1,171001,2022841,11.82,11.89,11.82,11.82,0.0,19
2026-01-26,01002T,土銀國泰R1,84141,1226515,14.65,14.65,14.57,14.57,-0.05,8
2026-01-26,01004T,土銀富邦R2,104001,1123210,10.8,10.8,10.8,10.8,0.03,6
2026-01-26,01007T,兆豐國泰R2,189000,2583350,13.66,13.7,13.64,13.7,0.07,20
2026-01-26,01009T,王道圓滿R1,810331,4967868,6.22,6.22,6.1,6.1,-0.18,122
2026-01-26,01010T,京城樂富R1,42001,420050,10.0,10.04,10.0,10.04,0.02,4
2026-01-26,020000,富邦特選蘋果N,0,0,0.0,0.0,0.0,0.0,0.0,0
2026-01-26,020011,統一微波高息20N,0,0,0.0,0.0,0.0,0.0,0.0,0
2026-01-26,020012,富邦行動通訊N,0,0,0.0,0.0,0.0,0.0,0.0,0
2026-01-26,02001L,富邦蘋果正二N,25000,1549350,63.0,63.0,61.45,61.65,-0.85,19
2026-01-26,02001R,富邦蘋果反一N,300000,231000,0.77,0.77,0.77,0.77,0.01,2
2026-01-26,020020,元大台股領航N,6000,104220,17.3,17.4,17.3,17.36,0.11,4
2026-01-26,020028,元大特選電動車N,13000,183580,14.07,14.16,14.07,14.14,-0.09,6
2026-01-26,020029,元大ESG高股息N,20000,213270,10.62,10.71,10.62,10.71,0.32,12
2026-01-26,020030,統一智慧電動車N,33000,323730,9.79,9.85,9.78,9.85,0.12,10
2026-01-26,020031,統一IC設計臺灣N,60000,408870,6.8,6.83,6.8,6.83,0.13,10
2026-01-26,020032,元大綠能N,25000,220250,8.82,8.83,8.8,8.83,0.02,8
2026-01-26,020034,元大IC設計N,71000,606880,8.53,8.58,8.52,8.55,0.2,22
2026-01-26,020036,元大金融配息N,1000,7600,7.6,7.6,7.6,7.6,0.0,1
2026-01-26,020037,元大金融高股息N,243000,2060670,8.49,8.49,8.48,8.48,0.05,2
2026-01-26,020038,元大ESG配息N,30000,246600,8.21,8.25,8.21,8.25,0.22,11
2026-01-26,020039,元大加權N,16000,162200,10.11,10.15,10.11,10.15,0.04,5
2026-01-26,1101,台泥,43873630,1146900024,25.7,26.4,25.65,26.25,0.55,13966
2026-01-26,1101B,台泥乙特,3031,138161,45.65,45.65,45.55,45.55,0.0,4
2026-01-26,1102,亞泥,10653111,381349735,35.5,36.1,35.2,36.1,0.8,4834
2026-01-26,1103,嘉泥,271880,3826467,14.0,14.15,14.0,14.05,0.05,258
2026-01-26,1104,環泥,614054,18615004,29.9,30.5,29.9,30.25,0.35,434
2026-01-26,1108,幸福,149240,2249412,15.05,15.15,15.05,15.1,0.0,88
2026-01-26,1109,信大,54761,844128,15.45,15.45,15.3,15.4,0.0,119
2026-01-26,1110,東泥,197000,3211050,16.35,16.45,16.2,16.25,0.05,112
2026-01-26,1201,味全,294745,4276673,14.45,14.6,14.4,14.5,0.0,310
2026-01-26,1203,味王,8953,353900,39.75,39.75,39.45,39.45,-0.3,97
2026-01-26,1210,大成,1221195,63977095,52.3,52.6,52.1,52.3,0.0,1151
2026-01-26,1213,大飲,13015,133304,10.25,10.25,10.2,10.25,-0.05,7
2026-01-26,1215,卜蜂,788216,118426432,150.0,151.5,148.5,151.5,1.5,1280
2026-01-26,1216,統一,9879791,726600505,73.6,74.2,73.0,73.5,-0.1,6786
2026-01-26,1217,愛之味,637672,6840047,10.7,10.8,10.65,10.75,0.05,539
2026-01-26,1218,泰山,848991,15724779,18.4,18.65,18.35,18.5,0.1,408
2026-01-26,1219,福壽,253528,3426392,13.5,13.6,13.45,13.5,0.0,232
2026-01-26,1220,台榮,398531,5046052,12.8,12.8,12.55,12.65,-0.05,743
2026-01-26,1225,福懋油,176781,5069054,28.45,28.8,28.45,28.75,0.3,251
2026-01-26,1227,佳格,556200,16274454,29.3,29.35,29.1,29.25,0.1,490
2026-01-26,1229,聯華,1295975,60742256,46.6,47.0,46.6,46.9,0.3,1097
2026-01-26,1231,聯華食,278062,26453412,94.9,95.7,94.6,95.0,0.4,839
2026-01-26,1232,大統益,81174,11769433,145.0,145.5,144.5,145.0,0.0,149
2026-01-26,1233,天仁,35047,1129111,32.2,32.3,32.1,32.1,-0.1,25
2026-01-26,1234,黑松,150921,5573401,37.0,37.1,36.8,36.9,-0.1,196
2026-01-26,1235,興泰,6929,285559,41.05,41.1,41.0,41.1,0.3,19
2026-01-26,1236,宏亞,23787,599092,25.25,25.3,25.0,25.25,0.05,59
2026-01-26,1256,鮮活果汁-KY,10990,1730894,157.5,158.5,157.0,158.0,2.0,49
2026-01-26,1301,台塑,89416465,4262339613,44.9,48.8,44.85,48.8,4.4,36979
2026-01-26,1303,南亞,182958251,14725269730,78.9,82.4,77.3,81.7,4.6,94671
2026-01-26,1304,台聚,26500830,328444837,11.6,12.7,11.6,12.45,0.9,8293
2026-01-26,1305,華夏,10542628,131696411,12.1,12.7,12.1,12.7,0.7,3382
2026-01-26,1307,三芳,895154,29114474,32.2,32.75,32.15,32.5,0.35,549
2026-01-26,1308,亞聚,7667838,109198693,13.5,14.55,13.5,14.25,0.75,2985
2026-01-26,1309,台達化,5493340,69039510,11.9,12.95,11.9,12.85,1.0,2520
2026-01-26,1310,台苯,5874770,53515476,8.93,9.2,8.93,9.12,0.25,1956
2026-01-26,1312,國喬,16648185,231307284,13.4,14.25,13.4,13.85,0.45,5337
2026-01-26,1312A,國喬特,24000,556850,23.0,23.35,23.0,23.2,0.0,16
2026-01-26,1313,聯成,6940301,75841818,10.55,11.15,10.55,11.0,0.55,2212
2026-01-26,1314,中石化,65632517,549459727,8.18,8.5,8.17,8.36,0.26,12425
2026-01-26,1315,達新,16633,1076678,65.0,65.0,64.7,64.7,0.4,40
2026-01-26,1316,上曜,1671825,23890933,14.2,14.4,14.15,14.3,0.15,778
2026-01-26,1319,東陽,2496636,271001108,109.0,110.0,107.0,109.0,1.0,1930
2026-01-26,1321,大洋,116058,3927149,33.6,34.0,33.5,33.8,0.35,86
2026-01-26,1323,永裕,36458,695764,19.0,19.2,18.85,19.15,-0.05,52
2026-01-26,1324,地球,126076,1380580,10.9,11.3,10.7,11.0,0.05,183
2026-01-26,1325,恆大,1497152,45019395,29.1,30.75,29.1,29.6,0.65,972
2026-01-26,1326,台化,44673058,1712310954,35.9,38.95,35.9,38.95,3.5,16043
2026-01-26,1337,再生-KY,1432467,8102197,5.82,5.82,5.59,5.6,-0.22,945
2026-01-26,1338,廣華-KY,87681,1769927,20.2,20.4,20.05,20.25,-0.1,214
2026-01-26,1339,昭輝,75539,3301040,43.45,44.2,43.3,43.8,0.3,71
2026-01-26,1340,勝悅-KY,172496,1215266,7.01,7.2,6.98,7.05,0.04,228
2026-01-26,1341,富林-KY,5010,292766,58.5,58.5,58.3,58.3,0.8,13
2026-01-26,1342,八貫,134665,12794046,95.0,95.9,94.4,95.0,-0.4,224
2026-01-26,1402,遠東新,14547602,418584149,28.25,29.05,28.25,29.05,0.95,6130
2026-01-26,1409,新纖,9161747,142180683,15.1,15.7,15.1,15.65,0.6,2859
2026-01-26,1410,南染,25813,869067,33.8,34.0,33.5,33.6,-0.1,27
2026-01-26,1413,宏洲,182839,1794265,9.71,9.89,9.71,9.88,0.09,60
2026-01-26,1414,東和,650019,12413294,19.0,19.3,18.85,19.3,0.25,578
2026-01-26,1416,廣豐,307063,3574808,11.7,11.75,11.55,11.7,0.0,207
2026-01-26,1417,嘉裕,210720,1861946,8.86,8.86,8.8,8.85,0.05,225
2026-01-26,1418,東華,2048,41356,20.35,20.35,20.0,20.0,0.05,50
2026-01-26,1419,新紡,741322,58199786,77.7,79.9,76.4,79.8,3.0,1046
2026-01-26,1423,利華,16503,625242,37.8,38.1,37.75,38.1,0.0,49
2026-01-26,1432,大魯閣,282262,5242753,18.2,18.8,18.2,18.6,0.4,581
2026-01-26,1434,福懋,12884519,223284814,16.65,17.75,16.65,17.6,1.1,5681
2026-01-26,1435,中福,4191,86482,20.1,21.8,20.1,21.8,1.3,48
2026-01-26,1436,華友聯,152224,9570411,62.6,63.2,62.3,62.6,0.0,190
2026-01-26,1437,勤益控,80698,2617572,32.35,32.65,32.3,32.45,0.15,67
2026-01-26,1438,三地開發,89030,2943496,33.05,33.2,32.75,32.95,0.05,31
2026-01-26,1439,雋揚,15136,450002,29.9,29.9,29.65,29.8,0.05,10
2026-01-26,1440,南紡,3619693,50339546,13.55,14.05,13.55,13.95,0.45,1400
2026-01-26,1441,大東,70513,720912,10.2,10.4,10.1,10.2,0.0,298
2026-01-26,1442,名軒,516289,15230767,30.0,30.0,29.25,29.3,-0.35,369
2026-01-26,1443,立益物流,31904,853148,26.75,26.95,26.65,26.8,0.2,50
2026-01-26,1444,力麗,5797611,38526793,6.2,6.82,6.2,6.82,0.62,1920
2026-01-26,1445,大宇,270463,3944570,14.2,14.9,14.1,14.6,0.35,123
2026-01-26,1446,宏和,272371,4794581,17.5,17.7,17.5,17.55,0.1,152
2026-01-26,1447,力鵬,3336672,18630386,5.23,5.72,5.23,5.72,0.52,926
2026-01-26,1449,佳和,754265,9003265,11.85,12.05,11.8,12.0,0.1,426
2026-01-26,1451,年興,398313,7241507,18.05,18.65,17.6,18.35,0.6,258
2026-01-26,1452,宏益,300900,3604416,11.7,12.1,11.7,12.05,0.35,218
2026-01-26,1453,大將,86987,1055973,12.15,12.25,12.1,12.1,-0.05,150
2026-01-26,1454,台富,18042,231530,12.55,12.85,12.55,12.8,0.1,98
2026-01-26,1455,集盛,2480600,23994970,9.67,9.68,9.61,9.68,0.88,771
2026-01-26,1456,怡華,17250,223000,12.8,13.1,12.8,12.95,-0.15,19
2026-01-26,1457,宜進,385267,5961545,15.05,15.95,15.05,15.45,0.45,290
2026-01-26,1459,聯發,331698,3970163,11.75,12.1,11.75,11.95,0.2,194
2026-01-26,1460,宏遠,1327656,8650545,6.37,6.65,6.36,6.63,0.17,404
2026-01-26,1463,強盛新,107326,1856836,17.35,17.55,17.2,17.2,-0.05,210
2026-01-26,1464,得力,609181,7114478,11.5,11.8,11.45,11.65,0.15,379
2026-01-26,1465,偉全,69306,868920,12.45,12.6,12.45,12.55,0.05,137
2026-01-26,1466,聚隆,228999,3303627,14.25,14.6,14.25,14.4,0.25,133
2026-01-26,1467,南緯,881514,7015944,7.78,8.18,7.73,7.94,0.24,425
2026-01-26,1468,昶和,130021,1731283,13.2,13.6,13.2,13.2,0.0,83
2026-01-26,1470,大統新創,1056,24287,23.0,23.0,23.0,23.0,0.2,4
2026-01-26,1471,首利,3285747,43864686,13.35,13.35,13.35,13.35,1.2,622
2026-01-26,1472,三洋實業,17000,1484900,87.5,87.5,87.0,87.0,-1.3,13
2026-01-26,1473,台南,274849,7336762,27.0,27.2,26.35,26.55,-0.1,393
2026-01-26,1474,弘裕,240253,2523468,10.2,10.65,10.2,10.55,0.35,140
2026-01-26,1475,業旺,16010,517875,32.45,32.45,32.25,32.3,-0.15,15
2026-01-26,1476,儒鴻,672491,276530995,409.0,414.5,407.5,413.0,5.5,917
2026-01-26,1477,聚陽,979471,311159123,320.0,322.0,314.5,319.5,2.5,3428
2026-01-26,1503,士電,7248999,1646135168,229.0,234.0,221.5,228.0,2.0,18744
2026-01-26,1504,東元,28564106,2496617176,89.6,89.7,86.5,87.2,-2.2,28557
2026-01-26,1506,正道,433870,5482833,12.8,12.85,12.5,12.5,0.0,192
2026-01-26,1512,瑞利,172176,1439298,8.4,8.4,8.27,8.35,0.04,105
2026-01-26,1513,中興電,13620345,2474718304,183.0,186.5,179.0,181.0,-3.0,22320
2026-01-26,1514,亞力,15964824,2215043491,144.0,144.0,135.0,139.0,-3.5,16271
2026-01-26,1515,力山,380355,10595056,28.15,28.15,27.75,27.9,-0.2,341
2026-01-26,1516,川飛,72402,1612379,22.05,22.8,22.05,22.2,0.15,161
2026-01-26,1517,利奇,718245,9238194,12.45,13.1,12.45,13.0,0.55,534
2026-01-26,1519,華城,4393038,4467103870,1030.0,1050.0,1000.0,1020.0,-10.0,11848
2026-01-26,1521,大億,74661,2133322,28.75,28.75,28.45,28.45,-0.3,128
2026-01-26,1522,堤維西,1428832,71911786,50.7,51.2,49.65,51.2,0.8,1203
2026-01-26,1522A,堤維西甲特,2423,118945,49.1,49.1,49.1,49.1,0.0,7
2026-01-26,1524,耿鼎,5617084,192955000,34.0,34.9,33.45,34.85,1.0,3026
2026-01-26,1525,江申,24042,1529051,64.2,64.2,63.1,63.1,-0.9,22
2026-01-26,1526,日馳,1005186,23022878,21.4,23.3,21.4,23.3,2.1,668
2026-01-26,1527,鑽全,334024,12211652,36.6,36.95,36.0,36.7,0.1,446
2026-01-26,1528,恩德,2050130,59838759,29.45,29.5,28.85,28.85,-0.1,1019
2026-01-26,1529,樂事綠能,5758087,156448648,27.2,28.3,26.35,26.5,-0.6,3767
2026-01-26,1530,亞崴,31684,918122,29.15,29.15,28.75,29.05,-0.45,95
2026-01-26,1531,高林股,156584,1927485,12.3,12.4,12.2,12.4,0.05,135
2026-01-26,1532,勤美,1035933,25919271,25.05,25.25,24.85,25.05,0.0,497
2026-01-26,1533,車王電,83209,2664650,32.05,32.15,31.9,32.0,-0.05,126
2026-01-26,1535,中宇,122742,6518689,53.7,53.7,52.5,52.7,0.5,125
2026-01-26,1536,和大,13099667,857644142,65.0,66.7,63.8,65.3,0.9,9481
2026-01-26,1537,廣隆,42957,5338464,125.0,125.0,124.0,124.5,0.0,70
2026-01-26,1538,正峰,14772,392040,26.15,27.0,26.1,26.35,0.0,18
2026-01-26,1539,巨庭,233781,4571444,19.4,19.85,19.2,19.85,0.25,180
2026-01-26,1540,喬福,524760,14082476,26.7,27.1,26.55,26.65,0.05,456
2026-01-26,1541,錩泰,77656,2029296,26.75,26.75,26.0,26.15,-0.05,94
2026-01-26,1558,伸興,30506,2979716,98.0,98.1,97.4,97.4,-0.6,144
2026-01-26,1560,中砂,2413243,1020917356,430.0,434.0,418.5,419.5,-10.5,4727
2026-01-26,1563,巧新,620242,30425868,48.55,49.3,48.55,49.0,0.75,571
2026-01-26,1568,倉佑,303665,7483393,24.95,24.95,24.45,24.45,-0.5,297
2026-01-26,1582,信錦,2422824,169718690,68.0,71.2,67.4,70.2,2.2,2154
2026-01-26,1583,程泰,54269,2621133,48.6,48.6,48.1,48.1,-0.9,121
2026-01-26,1587,吉茂,659384,33432492,50.8,51.2,50.0,51.2,0.4,673
2026-01-26,1589,永冠-KY,3218700,59706482,18.1,18.85,18.05,18.65,0.7,1582
2026-01-26,1590,亞德客-KY,472171,474521895,1030.0,1030.0,997.0,1005.0,-15.0,778
2026-01-26,1597,直得,938167,78802217,84.1,85.4,82.1,83.3,1.3,805
2026-01-26,1598,岱宇,119855,2439005,20.1,20.45,20.1,20.35,0.3,105
2026-01-26,1603,華電,1259602,53926217,43.9,44.2,41.9,42.7,0.0,1374
2026-01-26,1604,聲寶,144651,3475314,24.05,24.1,23.95,24.05,0.0,204
2026-01-26,1605,華新,96824830,3870142623,39.45,40.6,39.2,40.2,1.35,42104
2026-01-26,1608,華榮,7483495,292353470,38.75,39.8,38.5,38.65,0.0,4222
2026-01-26,1609,大亞,21313923,908269034,43.25,44.0,41.85,42.6,-0.35,13686
2026-01-26,1611,中電,518788,7268469,14.0,14.2,13.9,14.05,0.05,513
2026-01-26,1612,宏泰,1282460,48276832,37.95,38.0,37.4,37.55,-0.25,901
2026-01-26,1614,三洋電,34445,1173301,34.3,34.3,33.85,33.85,0.15,32
2026-01-26,1615,大山,110246,5501161,50.5,50.5,49.7,49.85,-0.25,316
2026-01-26,1616,億泰,1343383,39288041,29.4,29.7,28.9,29.25,-0.35,835
2026-01-26,1617,榮星,475124,8192976,17.15,17.5,17.05,17.2,0.05,332
2026-01-26,1618,合機,4980999,242236777,50.1,50.2,48.05,48.7,-1.4,4240
2026-01-26,1623,大東電,2244952,693390081,323.0,327.5,295.5,295.5,-44.5,6009
2026-01-26,1626,艾美特-KY,42900,471881,10.95,11.05,10.95,10.95,0.0,75
2026-01-26,1702,南僑,271631,10333080,37.9,38.2,37.9,38.1,0.1,263
2026-01-26,1707,葡萄王,102701,12492084,122.5,122.5,121.0,121.5,-1.0,289
2026-01-26,1708,東鹼,2713822,91946206,33.25,34.2,33.15,33.85,0.6,1489
2026-01-26,1709,和益,545792,9450283,17.2,17.4,17.15,17.3,0.15,410
2026-01-26,1710,東聯,7908225,107357908,12.9,13.75,12.9,13.75,1.25,1672
2026-01-26,1711,永光,4384108,97347086,22.0,22.5,21.7,22.45,0.6,2683
2026-01-26,1712,興農,649533,30405665,46.3,47.05,46.3,46.65,0.3,781
2026-01-26,1713,國化,292264,14443679,49.15,49.85,49.15,49.2,0.35,286
2026-01-26,1714,和桐,6025372,55925099,9.1,9.36,9.1,9.32,0.22,2177
2026-01-26,1717,長興,27263366,1705390932,64.0,64.6,61.5,62.9,-0.9,17461
2026-01-26,1718,中纖,15272302,113318264,7.16,7.53,7.15,7.43,0.33,3857
2026-01-26,1720,生達,335645,20713936,61.0,62.0,61.0,61.9,0.6,315
2026-01-26,1721,三晃,2333054,44905306,18.55,19.7,18.55,19.7,1.2,1593
2026-01-26,1722,台肥,4354403,208736126,47.15,48.2,47.1,48.1,1.2,2350
2026-01-26,1723,中碳,631534,46402441,72.7,73.9,72.7,73.5,1.0,927
2026-01-26,1725,元禎,44795,1288622,28.8,28.9,28.7,28.7,-0.1,95
2026-01-26,1726,永記,10151,770482,75.9,75.9,75.9,75.9,0.0,51
2026-01-26,1727,中華化,3484502,160811028,45.25,47.35,45.05,46.7,1.45,2652
2026-01-26,1730,花仙子,58431,3056567,52.3,52.4,52.3,52.3,0.0,68
2026-01-26,1731,美吾華,68702,1501211,21.8,21.9,21.8,21.85,-0.05,66
2026-01-26,1732,毛寶,419702,11706976,27.25,28.2,27.25,27.65,0.45,278
2026-01-26,1733,五鼎,87825,2596426,29.35,29.75,29.35,29.45,0.1,130
2026-01-26,1734,杏輝,189756,5891101,31.05,31.15,30.9,31.0,-0.1,309
2026-01-26,1735,日勝化,58641,985727,16.75,16.95,16.75,16.8,0.0,87
2026-01-26,1736,喬山,541461,80472223,148.5,151.0,145.5,150.5,3.0,495
2026-01-26,1737,臺鹽,96301,3040700,31.6,31.65,31.5,31.55,-0.05,248
2026-01-26,1752,南光,65945,2390604,36.25,36.45,36.15,36.25,0.0,66
2026-01-26,1760,寶齡富錦,303885,20335860,67.0,68.5,65.7,66.0,-0.1,663
2026-01-26,1762,中化生,167978,4433447,26.0,26.8,25.9,26.8,0.95,293
2026-01-26,1773,勝一,2251829,339148355,158.5,158.5,148.0,149.0,-8.5,3178
2026-01-26,1776,展宇,23461,360836,15.5,15.5,15.2,15.45,-0.05,33
2026-01-26,1783,和康生,157253,7337185,46.4,46.9,46.0,46.9,0.35,164
2026-01-26,1786,科妍,241538,19511421,81.0,81.5,80.2,80.5,-0.1,417
2026-01-26,1789,神隆,2423107,65436679,26.3,27.9,26.3,27.15,1.65,1569
2026-01-26,1795,美時,8294158,2744970389,322.0,339.0,318.0,331.5,9.5,9586
2026-01-26,1802,台玻,29536195,1476532218,50.0,51.8,48.3,51.8,2.0,19162
2026-01-26,1805,寶徠,83140,988821,12.0,12.0,11.75,12.0,0.0,49
2026-01-26,1806,冠軍,306846,2785607,9.16,9.16,9.04,9.07,0.02,207
2026-01-26,1808,潤隆,1510764,48470809,32.8,32.9,31.8,31.9,-0.9,2460
2026-01-26,1809,中釉,5074297,140491327,27.5,27.75,27.0,27.75,2.5,1494
2026-01-26,1810,和成,1599321,31887403,19.8,20.15,19.7,20.05,0.35,942
2026-01-26,1817,凱撒衛,78407,3043687,38.7,38.85,38.7,38.8,0.1,66
2026-01-26,1903,士紙,939785,55499841,58.5,60.2,57.8,59.8,2.5,783
2026-01-26,1904,正隆,852836,15135237,17.6,17.85,17.5,17.75,0.25,1087
2026-01-26,1905,華紙,2145941,26467963,12.2,12.45,12.15,12.4,0.3,744
2026-01-26,1906,寶隆,38203,457195,11.9,12.0,11.9,11.95,0.05,77
2026-01-26,1907,永豐餘,822166,20807836,24.9,25.5,24.9,25.4,0.5,598
2026-01-26,1909,榮成,2914594,29322292,9.91,10.15,9.86,10.1,0.28,1006
2026-01-26,2002,中鋼,84072223,1640638954,19.2,19.7,19.15,19.65,0.5,22379
2026-01-26,2002A,中鋼特,15118,587848,38.75,38.9,38.75,38.9,0.0,14
2026-01-26,2006,東和鋼鐵,1484182,105899402,70.6,71.8,70.3,71.4,0.8,1376
2026-01-26,2007,燁興,449883,3606943,7.89,8.17,7.88,8.15,0.21,239
2026-01-26,2008,高興昌,13376,388451,29.0,29.6,29.0,29.0,0.0,25
2026-01-26,2009,第一銅,18118567,933397945,50.5,52.5,50.5,51.5,2.6,11981
2026-01-26,2010,春源,1014477,21454121,21.0,21.25,21.0,21.15,0.15,481
2026-01-26,2012,春雨,26559,452184,16.95,17.25,16.95,17.0,0.0,88
2026-01-26,2013,中鋼構,137205,5724924,41.8,41.9,41.65,41.85,0.15,168
2026-01-26,2014,中鴻,14092285,239015959,16.6,17.2,16.6,17.05,0.55,4468
2026-01-26,2015,豐興,209595,13433076,63.5,64.5,63.5,64.1,0.6,169
2026-01-26,2017,官田鋼,1807278,16182770,8.72,9.1,8.72,8.99,0.22,700
2026-01-26,2020,美亞,441439,10490048,23.55,23.9,23.55,23.75,0.1,389
2026-01-26,2022,聚亨,669907,5986737,8.9,9.04,8.77,9.0,0.23,590
2026-01-26,2023,燁輝,1799741,26791127,14.7,15.0,14.7,14.95,0.25,820
2026-01-26,2024,志聯,7707,121224,15.65,15.9,15.65,15.65,0.0,94
2026-01-26,2025,千興,292848,3800091,13.05,13.2,12.65,13.1,0.05,277
2026-01-26,2027,大成鋼,39571593,1470685370,36.45,37.6,36.45,37.5,1.2,15296
2026-01-26,2028,威致,157917,2872249,18.3,18.45,17.85,18.4,0.15,129
2026-01-26,2029,盛餘,220125,4616811,20.75,21.2,20.75,21.05,0.3,123
2026-01-26,2030,彰源,1643719,27168191,16.1,17.15,16.0,16.7,0.8,933
2026-01-26,2031,新光鋼,938007,36648888,39.0,39.35,38.65,39.3,0.6,682
2026-01-26,2032,新鋼,800081,13328245,16.45,16.85,16.45,16.75,0.55,395
2026-01-26,2033,佳大,106001,1710716,15.9,16.25,15.9,16.25,0.3,66
2026-01-26,2034,允強,3661620,79201191,21.15,21.9,21.1,21.8,0.7,1767
2026-01-26,2038,海光,726194,10977943,14.85,15.25,14.8,15.2,0.3,348
2026-01-26,2049,上銀,12781357,3135824008,233.5,254.0,231.5,246.5,15.5,29048
2026-01-26,2059,川湖,994725,3480926240,3595.0,3635.0,3435.0,3500.0,-70.0,4787
2026-01-26,2062,橋椿,320521,7325456,22.8,23.0,22.65,22.7,0.1,217
2026-01-26,2069,運錩,512669,10112608,19.75,19.8,19.6,19.75,0.25,223
2026-01-26,2101,南港,1097964,40757619,36.95,37.45,36.9,37.0,0.1,830
2026-01-26,2102,泰豐,660147,13135194,19.65,20.1,19.65,19.95,0.2,392
2026-01-26,2103,台橡,6449082,102006504,15.45,16.1,15.45,15.75,0.4,2689
2026-01-26,2104,國際中橡,6785095,85213582,12.2,12.7,12.2,12.55,0.45,2750
2026-01-26,2105,正新,8517946,267984766,31.0,31.75,30.9,31.75,0.85,4056
2026-01-26,2106,建大,898848,18558294,20.3,20.85,20.2,20.75,0.55,501
2026-01-26,2107,厚生,461735,11746652,25.25,25.8,25.15,25.35,0.25,393
2026-01-26,2108,南帝,694968,16894663,24.2,24.45,24.2,24.25,0.25,500
2026-01-26,2109,華豐,155399,2325316,14.95,15.05,14.95,14.95,0.0,164
2026-01-26,2114,鑫永銓,66722,5968235,89.8,89.8,89.3,89.4,-0.4,64
2026-01-26,2115,六暉-KY,45609,1154031,25.2,25.45,25.2,25.25,0.05,49
2026-01-26,2201,裕隆,4006658,127469985,31.45,32.1,31.35,32.05,0.75,2063
2026-01-26,2204,中華,626715,35284564,56.0,56.6,55.9,56.5,0.5,556
2026-01-26,2206,三陽工業,1839222,107131325,58.4,59.2,57.2,59.1,0.1,1528
2026-01-26,2207,和泰車,285176,152122606,533.0,537.0,526.0,534.0,7.0,856
2026-01-26,2208,台船,4170467,93075622,22.3,22.7,22.05,22.5,0.4,2201
2026-01-26,2211,長榮鋼,766688,77902349,101.0,102.5,100.5,101.5,1.0,621
2026-01-26,2227,裕日車,46667,2502044,53.5,54.0,53.2,53.5,0.0,89
2026-01-26,2228,劍麟,604516,62295295,103.0,106.5,101.0,102.5,-0.5,612
2026-01-26,2231,為升,472905,46619792,97.5,100.5,96.9,99.0,1.6,1046
2026-01-26,2233,宇隆,2556044,616879361,235.5,246.0,235.5,239.5,5.5,2741
2026-01-26,2236,百達-KY,162426,18513016,115.5,115.5,112.5,114.0,2.0,169
2026-01-26,2239,英利-KY,71246,2099223,30.0,30.1,29.25,29.65,0.25,120
2026-01-26,2241,艾姆勒,502556,16831366,34.0,34.05,33.3,33.55,-0.45,667
2026-01-26,2243,宏旭-KY,160809,1806574,11.35,11.4,11.15,11.35,0.05,96
2026-01-26,2247,汎德永業,55137,14977085,272.0,275.0,270.0,275.0,2.0,290
2026-01-26,2248,華勝-KY,22050,1087464,49.3,49.8,49.25,49.25,-0.05,15
2026-01-26,2250,IKKA-KY,151988,11766271,76.7,78.7,76.3,76.3,-0.4,252
2026-01-26,2254,巨鎧精密-創,104000,6194200,59.6,59.7,59.2,59.4,-0.2,20
2026-01-26,2258,鴻華先進-創,373024,14464548,39.4,39.4,38.6,38.7,-0.3,324
2026-01-26,2301,光寶科,29509746,4965143559,171.5,174.0,165.5,167.0,-5.0,32586
2026-01-26,2302,麗正,2088389,43032257,20.95,20.95,20.3,20.8,-0.35,1140
2026-01-26,2303,聯電,224632465,15258424538,66.0,69.5,65.3,69.3,4.5,99356
2026-01-26,2305,全友,1391576,19690988,14.3,14.45,14.0,14.2,0.0,637
2026-01-26,2308,台達電,13054383,15946536075,1220.0,1240.0,1205.0,1230.0,-30.0,37244
2026-01-26,2312,金寶,40120634,1097755246,27.5,28.0,26.7,27.1,-0.3,21771
2026-01-26,2313,華通,151595553,26877194905,174.0,182.0,173.5,177.0,6.0,96829
2026-01-26,2314,台揚,186690,4187075,22.7,22.7,22.25,22.25,0.1,231
2026-01-26,2316,楠梓電,1851816,182181814,98.8,100.5,97.6,98.1,-0.4,1928
2026-01-26,2317,鴻海,39852299,8882149216,222.5,225.0,220.0,224.0,2.5,38954
2026-01-26,2321,東訊,3742,61661,16.9,17.0,16.9,17.0,0.3,12
2026-01-26,2323,中環,7385114,80512541,10.8,11.05,10.8,10.95,0.15,1711
2026-01-26,2324,仁寶,48904682,1594854739,33.35,33.35,32.25,32.25,-1.1,19347
2026-01-26,2327,國巨*,24894313,7168693779,293.5,294.0,285.0,287.0,-4.5,30344
2026-01-26,2328,廣宇,10331685,543239438,53.1,53.4,51.9,53.0,-0.5,7312
2026-01-26,2329,華泰,30313170,1954259105,63.5,65.5,62.4,64.5,2.1,18054
2026-01-26,2330,台積電,25989274,45904955646,1765.0,1785.0,1755.0,1755.0,-15.0,104429
2026-01-26,2331,精英,25854130,751084421,27.75,29.75,27.7,29.7,2.3,12598
2026-01-26,2332,友訊,2644632,44024250,16.65,16.75,16.55,16.65,0.0,1202
2026-01-26,2337,旺宏,207650733,15383462979,72.5,76.2,69.8,76.2,6.9,97531
2026-01-26,2338,光罩,2168002,86911895,40.25,40.7,39.45,40.15,0.05,1449
2026-01-26,2340,台亞,2856402,79889636,27.4,28.5,27.25,28.3,0.9,1713
2026-01-26,2342,茂矽,5891488,206654089,35.5,35.85,33.95,35.25,-0.3,4004
2026-01-26,2344,華邦電,59539991,6652906621,107.0,113.0,107.0,113.0,10.0,38999
2026-01-26,2345,智邦,4773611,5486401285,1185.0,1185.0,1135.0,1150.0,-25.0,9958
2026-01-26,2347,聯強,3253550,216809251,67.5,67.5,66.3,66.5,-1.0,3364
2026-01-26,2348,海悅,279247,21784412,78.0,78.4,77.6,78.1,0.2,349
2026-01-26,2348A,海悅甲特,35000,1284700,36.7,36.75,36.7,36.75,0.05,12
2026-01-26,2349,錸德,6055124,88565499,14.7,15.0,14.45,14.6,0.0,2676
2026-01-26,2351,順德,3873672,340810655,84.8,89.6,84.7,88.7,4.1,3698
2026-01-26,2352,佳世達,30728249,842003351,29.2,29.3,26.75,26.85,-1.35,35231
2026-01-26,2353,宏碁,33190125,868601098,26.5,26.5,26.0,26.15,-0.45,14012
2026-01-26,2354,鴻準,4309222,257003456,59.5,60.0,59.0,60.0,0.7,2827
2026-01-26,2355,敬鵬,50040668,2009658142,40.0,41.5,38.6,39.5,0.15,27780
2026-01-26,2356,英業達,57815093,2704672453,48.25,48.5,46.15,46.55,-1.45,29554
2026-01-26,2357,華碩,3842376,1945947215,513.0,513.0,503.0,505.0,-10.0,10850
2026-01-26,2359,所羅門,3226081,441384529,134.0,138.5,133.5,137.0,3.0,3614
2026-01-26,2360,致茂,2093425,2115478474,1010.0,1025.0,1000.0,1015.0,-10.0,2428
2026-01-26,2362,藍天,457324,17828833,39.35,39.4,38.8,38.95,-0.05,507
2026-01-26,2363,矽統,10134929,555293875,53.7,55.8,53.3,55.0,1.5,7954
2026-01-26,2364,倫飛,83059,5442420,65.2,65.9,65.2,65.8,0.2,200
2026-01-26,2365,昆盈,20408676,831632549,38.6,42.2,38.2,40.7,2.05,13500
2026-01-26,2367,燿華,145737573,6915331377,45.75,48.5,45.7,48.5,4.4,70369
2026-01-26,2368,金像電,7808831,5098315911,654.0,668.0,636.0,666.0,20.0,12204
2026-01-26,2369,菱生,20319437,576725895,27.3,29.35,27.25,28.9,1.25,9891
2026-01-26,2371,大同,36724534,1468682019,40.25,40.5,39.55,40.05,-0.15,17320
2026-01-26,2373,震旦行,43520,2384614,54.3,55.2,54.2,55.1,0.8,90
2026-01-26,2374,佳能,41621816,3714213837,84.4,91.5,84.3,89.4,6.2,32336
2026-01-26,2375,凱美,4112119,413903443,102.0,103.0,98.7,102.0,0.0,3849
2026-01-26,2376,技嘉,3115112,748998117,239.0,242.0,238.0,242.0,3.5,3424
2026-01-26,2377,微星,6985870,693821233,101.0,101.0,98.8,99.0,-1.5,6316
2026-01-26,2379,瑞昱,2713281,1393146703,502.0,519.0,501.0,517.0,10.0,4049
2026-01-26,2380,虹光,136894,685321,4.96,5.06,4.96,5.06,-0.04,106
2026-01-26,2382,廣達,19071978,5438343698,283.0,287.0,280.5,287.0,7.0,19803
2026-01-26,2383,台光電,3270138,5737553675,1790.0,1825.0,1715.0,1740.0,-60.0,12442
2026-01-26,2385,群光,4493124,535254612,121.0,121.0,118.0,119.0,-1.0,3353
2026-01-26,2387,精元,347384,13727428,39.9,39.9,39.35,39.45,-0.45,598
2026-01-26,2388,威盛,7132308,401954666,54.6,57.7,54.2,56.8,2.2,4755
2026-01-26,2390,云辰,484703,5275038,10.75,11.1,10.75,10.85,0.15,387
2026-01-26,2392,正崴,1471334,60869371,42.1,42.1,41.0,41.15,-0.35,1238
2026-01-26,2393,億光,4982694,284961597,55.7,58.3,55.4,57.8,2.2,3280
2026-01-26,2395,研華,1494869,430822651,289.0,290.5,286.0,288.5,0.5,2120
2026-01-26,2397,友通,219275,13574470,61.7,62.2,61.6,61.9,0.5,215
2026-01-26,2399,映泰,4554602,124402683,27.6,27.75,26.95,27.1,0.1,2627
2026-01-26,2401,凌陽,3528003,80627973,22.5,23.1,22.25,23.0,0.55,2026
2026-01-26,2402,毅嘉,6255433,352888382,56.2,57.1,55.6,56.4,0.7,4069
2026-01-26,2404,漢唐,3681605,3560040776,988.0,1005.0,951.0,951.0,-34.0,15262
2026-01-26,2405,輔信,2236725,39579009,17.7,17.9,17.5,17.6,0.1,1059
2026-01-26,2406,國碩,16820919,502050247,29.2,30.85,28.9,29.95,0.95,9666
2026-01-26,2408,南亞科,112336106,31970213309,279.5,295.0,274.5,286.0,14.5,75291
2026-01-26,2409,友達,104980040,1598430603,15.2,15.5,15.1,15.25,0.2,24678
2026-01-26,2412,中華電,5242192,701838345,134.0,134.0,133.5,134.0,0.0,3605
2026-01-26,2413,環科,6917125,322694859,45.7,48.2,44.55,47.0,1.8,4756
2026-01-26,2414,精技,229059,9369213,41.15,41.35,40.7,40.85,-0.3,153
2026-01-26,2415,錩新,72532,2000731,27.5,28.0,27.35,27.7,0.1,44
2026-01-26,2417,圓剛,1203771,48864177,40.6,41.25,39.85,40.55,0.5,1163
2026-01-26,2419,仲琦,4451824,139433143,31.8,32.3,30.75,31.05,-0.45,3223
2026-01-26,2420,新巨,360009,19249466,54.2,54.2,53.1,53.3,-1.0,554
2026-01-26,2421,建準,1624762,247303665,153.5,154.5,150.5,152.5,-0.5,1702
2026-01-26,2423,固緯,163567,8869906,55.0,55.1,53.7,53.7,-1.3,209
2026-01-26,2424,隴華,32208,1154803,35.7,36.5,35.5,36.5,0.9,36
2026-01-26,2425,承啟,207576,6374130,30.75,31.1,30.5,30.5,-0.1,281
2026-01-26,2426,鼎元,1629717,31339100,19.15,19.55,19.05,19.2,0.15,1072
2026-01-26,2427,三商電,757387,20357814,27.0,27.0,26.7,26.75,0.25,421
2026-01-26,2428,興勤,619153,107548316,177.0,177.0,172.5,174.0,-3.0,840
2026-01-26,2429,銘旺科,516525,36458189,70.7,71.9,70.0,70.1,-0.6,595
2026-01-26,2430,燦坤,102993,2325738,22.65,22.7,22.5,22.55,0.0,275
2026-01-26,2431,聯昌,2169946,34827613,16.05,16.05,16.05,16.05,1.45,800
2026-01-26,2432,倚天酷碁-創,17178,427551,24.9,25.0,24.8,24.8,-0.15,13
2026-01-26,2433,互盛電,34510,1613600,46.8,46.8,46.7,46.7,-0.25,36
2026-01-26,2434,統懋,34488,1024481,29.4,29.9,29.4,29.9,0.6,41
2026-01-26,2436,偉詮電,1539312,79418852,51.3,52.0,51.0,51.4,0.3,1391
2026-01-26,2438,翔耀,686083,15948748,24.0,24.1,22.7,22.9,-1.2,583
2026-01-26,2439,美律,1069955,113083289,107.0,107.5,104.5,106.0,0.0,1408
2026-01-26,2440,太空梭,781479,12906219,16.95,16.95,16.05,16.8,0.0,445
2026-01-26,2441,超豐,13752001,1398864255,100.0,103.5,97.7,102.5,2.9,10729
2026-01-26,2442,新美齊,906734,20552279,22.4,22.85,22.35,22.65,0.1,681
2026-01-26,2444,兆勁,2038247,28303350,14.2,14.45,13.55,13.7,-0.3,1106
2026-01-26,2449,京元電子,25952980,7681761507,286.0,303.5,284.0,297.5,11.0,34768
2026-01-26,2450,神腦,114889,3332403,29.0,29.1,28.95,28.95,-0.05,128
2026-01-26,2451,創見,20227424,5044083694,245.0,256.5,242.0,252.5,14.0,19976
2026-01-26,2453,凌群,8587626,524194572,64.5,64.7,59.0,59.4,-3.8,6771
2026-01-26,2454,聯發科,24725299,43517084185,1740.0,1790.0,1720.0,1770.0,140.0,52308
2026-01-26,2455,全新,7019591,1178139876,170.5,171.5,165.0,168.0,-2.0,6712
2026-01-26,2457,飛宏,23511140,805444153,35.3,35.4,33.6,34.2,-0.85,12268
2026-01-26,2458,義隆,2247071,269503575,120.0,121.5,119.0,119.5,0.0,1864
2026-01-26,2459,敦吉,47219,3202377,68.5,68.5,67.5,67.6,-0.8,60
2026-01-26,2460,建通,303246,7004803,23.35,23.35,22.8,23.15,-0.1,466
2026-01-26,2461,光群雷,493860,8282370,16.85,16.95,16.55,16.8,0.0,352
2026-01-26,2462,良得電,8289502,233809935,28.0,29.1,27.2,27.85,0.9,5126
2026-01-26,2464,盟立,18073983,1302848598,69.5,74.9,68.8,70.5,1.2,14433
2026-01-26,2465,麗臺,506200,29362868,57.5,59.3,57.3,57.5,1.3,496
2026-01-26,2466,冠西電,1577225,97639309,63.0,64.8,60.7,60.7,-1.2,1047
2026-01-26,2467,志聖,1921587,448948562,237.5,238.0,230.5,234.0,-3.0,4032
2026-01-26,2468,華經,421109,17292688,40.85,41.3,40.65,41.2,0.5,358
2026-01-26,2471,資通,177484,9508344,54.0,54.1,53.2,53.2,-0.7,780
2026-01-26,2472,立隆電,2919596,337846793,117.5,117.5,114.5,116.5,-1.0,2511
2026-01-26,2474,可成,3016422,616232074,203.5,206.0,201.5,206.0,3.5,2927
2026-01-26,2476,鉅祥,965854,88378381,91.3,92.7,91.0,91.2,0.0,774
2026-01-26,2477,美隆電,673978,17874988,26.65,27.3,26.2,26.35,-0.15,498
2026-01-26,2478,大毅,7696449,566234083,75.0,76.3,71.3,72.7,0.7,6574
2026-01-26,2480,敦陽科,200417,28115355,140.5,141.5,139.5,139.5,-0.5,385
2026-01-26,2481,強茂,14524185,1290384538,90.0,90.2,87.7,89.0,-0.5,19450
2026-01-26,2482,連宇,131399,2429968,18.45,18.7,18.4,18.7,0.3,159
2026-01-26,2483,百容,491663,10045103,20.1,20.65,20.1,20.35,0.35,463
2026-01-26,2484,希華,8380251,251300035,30.65,30.65,29.0,30.05,-0.6,5746
2026-01-26,2485,兆赫,15915537,596647823,37.7,37.9,36.95,37.5,1.4,10475
2026-01-26,2486,一詮,30166500,3487147479,114.5,116.0,112.5,116.0,10.5,10545
2026-01-26,2488,漢平,178041,8298446,46.4,46.8,46.4,46.6,0.2,211
2026-01-26,2489,瑞軒,28686398,677013777,22.2,24.2,22.2,24.2,2.2,11673
2026-01-26,2491,吉祥全,185871,3501528,18.95,19.05,18.65,18.9,-0.15,195
2026-01-26,2492,華新科,18360498,2767132637,154.5,155.5,148.0,149.5,-4.0,14179
2026-01-26,2493,揚博,1018260,114275824,116.0,116.0,110.0,111.0,-4.0,1314
2026-01-26,2495,普安,9993401,347714477,34.25,35.35,33.9,35.15,1.3,5693
2026-01-26,2496,卓越,24401,1707570,69.3,71.4,69.3,69.7,-0.1,32
2026-01-26,2497,怡利電,358813,19114310,53.0,53.8,52.8,53.4,0.4,373
2026-01-26,2498,宏達電,9917963,472005611,46.85,48.15,46.65,47.75,1.3,5799
2026-01-26,2501,國建,1912537,43177346,22.6,22.8,22.4,22.7,0.2,835
2026-01-26,2504,國產,1073381,38833690,36.0,36.35,35.9,36.2,0.3,763
2026-01-26,2505,國揚,180005,3528452,19.7,19.7,19.55,19.55,-0.15,127
2026-01-26,2506,太設,199308,1768861,8.9,8.9,8.85,8.89,-0.01,186
2026-01-26,2509,全坤建,135460,2056659,15.3,15.4,15.1,15.1,-0.05,95
2026-01-26,2511,太子,1194405,10052992,8.4,8.47,8.36,8.46,0.06,456
2026-01-26,2514,龍邦,85267,1276646,14.9,15.1,14.85,15.0,0.15,111
2026-01-26,2515,中工,22829045,325714082,13.85,14.5,13.8,14.5,1.3,5241
2026-01-26,2516,新建,158062,2315408,14.65,14.8,14.5,14.65,0.0,122
2026-01-26,2520,冠德,1612136,52581970,32.6,32.9,32.35,32.45,-0.4,1002
2026-01-26,2524,京城,88483,3651416,41.5,41.55,41.15,41.2,-0.3,91
2026-01-26,2527,宏璟,278904,8334277,30.2,30.2,29.75,29.9,-0.15,212
2026-01-26,2528,皇普,921887,26835587,29.4,29.4,28.95,29.0,-0.45,577
2026-01-26,2530,華建,832348,22755297,27.6,27.6,27.2,27.25,-0.35,551
2026-01-26,2534,宏盛,435642,8722339,20.15,20.2,19.9,20.15,0.0,378
2026-01-26,2535,達欣工,872345,60549261,71.3,71.5,68.7,68.8,-2.2,6590
2026-01-26,2536,宏普,297035,6918670,23.55,23.6,23.15,23.3,-0.2,197
2026-01-26,2537,聯上發,914527,9801557,10.7,10.8,10.65,10.7,0.0,473
2026-01-26,2538,基泰,202966,2199225,10.9,10.9,10.8,10.8,0.05,104
2026-01-26,2539,櫻花建,456027,21928778,48.3,48.3,47.75,48.0,-0.3,1220
2026-01-26,2540,愛山林,739726,36187857,49.5,49.55,48.55,48.55,-0.9,1099
2026-01-26,2542,興富發,3912349,148393613,38.1,38.2,37.75,37.95,-0.1,2818
2026-01-26,2543,皇昌,1376224,88449303,63.6,64.9,63.4,64.7,1.4,1108
2026-01-26,2545,皇翔,266947,10017816,37.65,37.7,37.25,37.7,0.25,266
2026-01-26,2546,根基,186191,16374923,89.7,89.7,87.3,87.6,-2.1,2542
2026-01-26,2547,日勝生,1424278,15672124,10.95,11.1,10.9,11.0,0.05,493
2026-01-26,2548,華固,702595,76076569,108.5,109.5,107.0,108.0,-0.5,672
2026-01-26,2597,潤弘,329975,56769434,174.5,175.5,170.5,171.5,-2.0,443
2026-01-26,2601,益航,2731229,15431102,5.5,5.77,5.5,5.66,0.15,854
2026-01-26,2603,長榮,9269772,1740177836,188.0,189.5,186.5,188.5,-1.0,9997
2026-01-26,2605,新興,6715817,193654850,29.35,29.35,28.4,29.05,0.3,2773
2026-01-26,2606,裕民,3998684,250671337,62.0,63.3,61.6,63.2,1.2,2880
2026-01-26,2607,榮運,358136,20560486,57.8,57.8,57.1,57.5,-0.3,509
2026-01-26,2608,嘉里大榮,115504,3802432,33.0,33.0,32.8,33.0,0.0,202
2026-01-26,2609,陽明,10409497,559808009,54.0,54.3,53.3,54.3,0.0,7049
2026-01-26,2610,華航,29555745,661636149,22.35,22.65,22.0,22.5,0.15,8951
2026-01-26,2611,志信,388335,5898346,15.0,15.3,15.0,15.25,0.15,351
2026-01-26,2612,中航,1243422,75636529,60.5,61.7,59.7,61.6,1.1,1190
2026-01-26,2613,中櫃,276857,6673591,24.15,24.3,23.95,24.15,0.05,228
2026-01-26,2614,東森,1130715,24424208,21.2,21.9,21.2,21.65,0.6,738
2026-01-26,2615,萬海,6413724,479446866,75.5,75.5,74.3,74.9,-0.8,5632
2026-01-26,2616,山隆,99964,1365681,13.65,13.7,13.6,13.65,0.0,373
2026-01-26,2617,台航,637343,19796782,30.9,31.3,30.6,31.25,0.35,366
2026-01-26,2618,長榮航,24557583,944040948,38.8,38.8,38.1,38.5,-0.3,10774
2026-01-26,2630,亞航,3009750,165748476,54.7,55.8,54.1,55.2,0.8,1803
2026-01-26,2633,台灣高鐵,5473107,147965068,26.95,27.25,26.85,27.25,0.3,3221
2026-01-26,2634,漢翔,9226936,526658875,56.7,57.5,56.5,57.3,0.8,5309
2026-01-26,2636,台驊控股,258052,17250950,67.5,67.5,66.5,66.9,-0.6,469
2026-01-26,2637,慧洋-KY,2890642,206596140,71.0,72.0,70.7,71.8,0.5,1814
2026-01-26,2642,宅配通,73392,1872512,25.5,25.7,25.4,25.6,0.1,108
2026-01-26,2645,長榮航太,6100503,1077710146,173.0,180.0,172.5,177.0,5.5,9647
2026-01-26,2646,星宇航空,3736692,86832432,23.3,23.35,23.15,23.25,-0.05,2528
2026-01-26,2701,萬企,539249,5928842,10.95,11.05,10.95,11.0,0.05,90
2026-01-26,2702,華園,15094,179908,11.85,11.95,11.85,11.9,0.05,53
2026-01-26,2704,國賓,89076,3943941,44.4,44.55,44.0,44.2,0.2,126
2026-01-26,2705,六福,132212,2151492,16.3,16.35,16.25,16.35,0.05,229
2026-01-26,2706,第一店,114305,1469207,12.9,12.9,12.8,12.8,-0.05,121
2026-01-26,2707,晶華,111261,21027118,188.5,190.0,188.0,190.0,1.5,178
2026-01-26,2712,遠雄來,21002,367384,17.5,17.55,17.35,17.55,0.0,16
2026-01-26,2722,夏都,34132,851647,25.3,25.3,24.8,24.9,0.1,86
2026-01-26,2723,美食-KY,632107,48425327,76.5,77.3,74.9,76.7,1.8,676
2026-01-26,2727,王品,189009,41292488,218.0,219.5,217.5,218.5,0.5,925
2026-01-26,2731,雄獅,316390,54326062,172.5,173.0,170.5,172.0,0.5,1213
2026-01-26,2739,寒舍,44059,1520648,34.4,34.8,34.35,34.8,0.2,120
2026-01-26,2748,雲品,126689,5246567,41.9,41.9,41.2,41.45,0.0,211
2026-01-26,2753,八方雲集,123070,22464043,182.5,183.0,182.0,183.0,0.5,282
2026-01-26,2762,世界健身-KY,48650,3588032,74.0,74.0,73.5,73.5,-0.5,102
2026-01-26,2801,彰銀,12962133,263437099,20.35,20.4,20.2,20.4,0.15,3756
2026-01-26,2812,台中銀,11187990,227915528,20.35,20.45,20.3,20.35,0.0,4413
2026-01-26,2816,旺旺保,112452,3236267,28.8,28.85,28.7,28.8,-0.2,95
2026-01-26,2820,華票,1431761,23357999,16.45,16.45,16.3,16.3,-0.05,648
2026-01-26,2832,台產,103578,5139883,49.2,49.9,49.2,49.9,0.7,238
2026-01-26,2834,臺企銀,13219609,207072218,15.75,15.75,15.6,15.65,-0.05,5940
2026-01-26,2836,高雄銀,1066094,12857678,12.1,12.1,12.0,12.05,0.0,368
2026-01-26,2836A,高雄銀甲特,19000,451500,23.8,23.8,23.7,23.8,0.1,7
2026-01-26,2838,聯邦銀,841710,15565195,18.5,18.55,18.4,18.55,0.2,583
2026-01-26,2838A,聯邦銀甲特,22219,1208535,54.5,54.5,54.3,54.5,0.0,12
2026-01-26,2845,遠東銀,3846900,48506773,12.65,12.65,12.55,12.65,0.05,1586
2026-01-26,2849,安泰銀,79284,1057161,13.45,13.45,13.25,13.25,-0.2,68
2026-01-26,2850,新產,201735,23260706,115.0,116.0,115.0,115.0,0.0,278
2026-01-26,2851,中再保,441415,11881911,26.8,27.05,26.75,26.95,0.05,438
2026-01-26,2852,第一保,428501,11744457,27.75,27.75,27.3,27.5,0.0,243
2026-01-26,2855,統一證,4548673,133898254,29.5,29.8,29.1,29.35,0.35,1900
2026-01-26,2867,三商壽,19867665,157838380,7.95,7.99,7.85,7.97,0.08,3162
2026-01-26,2880,華南金,8866441,293290576,33.0,33.2,32.7,33.2,0.2,4768
2026-01-26,2881,富邦金,14196688,1326651888,93.5,93.9,93.1,93.2,-0.3,8921
2026-01-26,2881A,富邦特,20438,1293089,63.3,63.3,63.2,63.3,0.0,20
2026-01-26,2881B,富邦金乙特,30092,1853533,61.6,61.7,61.6,61.7,0.0,26
2026-01-26,2881C,富邦金丙特,62297,3241716,52.2,52.2,52.0,52.0,-0.2,70
2026-01-26,2882,國泰金,20195497,1556546564,76.6,77.6,76.4,77.1,0.5,8702
2026-01-26,2882A,國泰特,75500,4582948,60.7,60.8,60.7,60.8,0.0,30
2026-01-26,2882B,國泰金乙特,37317,2238964,60.0,60.1,59.9,60.1,0.0,20
2026-01-26,2883,凱基金,75762735,1372068747,17.85,18.3,17.75,18.3,0.45,15018
2026-01-26,2883B,凱基金乙特,601643,4727063,7.86,7.87,7.85,7.87,0.0,209
2026-01-26,2884,玉山金,30229933,1011306860,33.3,33.65,33.0,33.65,0.4,10537
2026-01-26,2885,元大金,19879395,836351999,41.7,42.45,41.2,42.4,0.85,9175
2026-01-26,2886,兆豐金,23947019,946150991,39.75,39.75,39.45,39.55,-0.15,14096
2026-01-26,2887,台新新光金,80180865,1820161184,22.2,23.0,22.1,22.9,0.75,14969
2026-01-26,2887E,台新新光戊特一,109022,5445196,49.95,50.0,49.9,50.0,0.05,25
2026-01-26,2887F,台新新光戊特二,18259,855218,46.9,46.9,46.8,46.8,0.0,17
2026-01-26,2887G,台新新光庚特一,63212,2510661,39.75,39.75,39.7,39.7,-0.05,27
2026-01-26,2887H,台新新光庚特二,27360,1080760,39.55,39.55,39.5,39.55,0.0,66
2026-01-26,2887I,台新新光辛特,10844161,100546872,9.28,9.29,9.26,9.27,-0.01,1328
2026-01-26,2887Z1,台新新光己特,11129,183612,16.5,16.6,16.5,16.5,0.0,14
2026-01-26,2889,國票金,2535268,42215126,16.7,16.7,16.6,16.7,0.05,1030
2026-01-26,2890,永豐金,17347008,505813017,29.0,29.3,28.8,29.3,0.3,9924
2026-01-26,2891,中信金,26762656,1356905426,50.5,51.0,50.1,51.0,0.5,12048
2026-01-26,2891B,中信金乙特,35938,2286965,63.6,63.9,63.6,63.9,0.1,16
2026-01-26,2891C,中信金丙特,14029,842432,60.0,60.3,60.0,60.3,0.0,9
2026-01-26,2892,第一金,15982900,465444378,29.25,29.3,29.0,29.05,-0.15,6815
2026-01-26,2897,王道銀行,3351609,30642215,9.14,9.16,9.1,9.13,-0.01,635
2026-01-26,2897B,王道銀乙特,25193,296264,11.75,11.8,11.75,11.8,0.05,18
2026-01-26,2901,欣欣,4764,117012,24.6,24.6,24.5,24.5,-0.1,34
2026-01-26,2903,遠百,1780251,39274070,22.05,22.15,21.9,22.1,0.15,1031
2026-01-26,2904,匯僑,26623,456396,17.2,17.2,17.1,17.15,-0.1,41
2026-01-26,2905,三商,1153867,18365018,15.7,16.1,15.65,15.95,0.45,694
2026-01-26,2906,高林,114270,1427688,12.5,12.55,12.45,12.5,0.05,120
2026-01-26,2908,特力,66508,1349984,20.3,20.35,20.2,20.3,0.0,53
2026-01-26,2910,統領,9001,187970,20.9,20.9,20.75,20.9,0.0,10
2026-01-26,2911,麗嬰房,72446,379096,5.15,5.3,5.15,5.29,0.17,119
2026-01-26,2912,統一超,3301218,704466232,211.0,214.5,211.0,214.0,2.5,3562
2026-01-26,2913,農林,3220083,43388140,13.2,13.65,13.15,13.55,0.35,1057
2026-01-26,2915,潤泰全,1703287,87959727,51.2,52.1,51.2,51.8,0.6,1206
2026-01-26,2923,鼎固-KY,29137,563232,19.45,19.45,19.2,19.3,0.0,96
2026-01-26,2929,淘帝-KY,220807,1733921,7.7,7.92,7.7,7.91,0.11,196
2026-01-26,2939,永邑-KY,29010,629500,21.55,22.0,21.45,21.45,-0.5,31
2026-01-26,2945,三商家購,150143,6358543,42.35,42.35,42.35,42.35,3.85,93
2026-01-26,3002,歐格,318023,7343332,22.75,23.3,22.75,23.2,0.45,283
2026-01-26,3003,健和興,245128,12231602,50.3,50.3,49.55,50.0,0.05,244
2026-01-26,3004,豐達科,449209,52068126,118.0,118.5,115.0,115.5,-1.5,704
2026-01-26,3005,神基,3498572,404636986,117.5,118.0,115.0,115.0,-2.0,2806
2026-01-26,3006,晶豪科,27276977,4161618032,143.0,156.0,141.5,156.0,14.0,16878
2026-01-26,3008,大立光,679874,1670450645,2460.0,2475.0,2440.0,2450.0,-10.0,3355
2026-01-26,3010,華立,3239811,392001952,117.5,122.0,117.5,121.0,3.5,2999
2026-01-26,3011,今皓,5148037,78688100,14.4,15.8,14.25,15.2,0.8,2218
2026-01-26,3013,晟銘電,1534225,182322059,119.5,120.0,118.0,119.5,0.5,1635
2026-01-26,3014,聯陽,1903340,229031644,120.5,122.5,118.5,122.0,0.5,1646
2026-01-26,3015,全漢,460828,25492546,56.2,56.7,54.8,55.0,-0.6,657
2026-01-26,3016,嘉晶,12661232,876096446,66.9,72.8,64.5,71.1,3.8,9657
2026-01-26,3017,奇鋐,4133584,5719309050,1390.0,1405.0,1365.0,1370.0,-5.0,9725
2026-01-26,3018,隆銘綠能,4641,55023,11.7,11.7,11.7,11.7,-0.3,79
2026-01-26,3019,亞光,20257470,3142556990,151.5,159.0,150.5,154.5,5.5,16067
2026-01-26,3021,鴻名,96764,1787957,18.7,18.7,18.35,18.45,0.05,61
2026-01-26,3022,威強電,471071,31512947,67.4,67.8,66.5,66.7,-0.1,431
2026-01-26,3023,信邦,4131057,838594886,193.5,210.0,193.5,210.0,19.0,4270
2026-01-26,3024,憶聲,1108332,12491050,11.15,11.4,11.1,11.3,0.15,603
2026-01-26,3025,星通,1650299,118233657,71.4,72.8,69.9,72.4,1.0,1451
2026-01-26,3026,禾伸堂,1614835,173594317,109.5,110.0,106.5,108.0,-0.5,1084
2026-01-26,3027,盛達,670100,17662043,26.6,26.75,26.2,26.3,-0.5,725
2026-01-26,3028,增你強,1693078,69201506,40.95,41.25,40.6,40.7,-0.05,1349
2026-01-26,3029,零壹,1881931,215544122,112.0,116.5,112.0,114.5,2.5,1686
2026-01-26,3030,德律,3316418,610970557,181.5,186.5,181.0,183.5,2.0,3444
2026-01-26,3031,佰鴻,491205,9984702,20.2,20.5,20.2,20.4,0.15,237
2026-01-26,3032,偉訓,1186616,88163021,72.0,76.0,72.0,75.9,3.9,933
2026-01-26,3033,威健,1521501,46617226,30.8,30.8,30.5,30.7,-0.1,1099
2026-01-26,3034,聯詠,5058373,2007249638,390.0,403.5,388.5,396.0,3.0,6675
2026-01-26,3035,智原,2808851,489436972,174.0,175.5,172.5,174.5,1.5,3249
2026-01-26,3036,文曄,5061816,741091398,148.5,150.0,144.0,147.5,1.0,3700
2026-01-26,3036A,文曄甲特,222902,11543378,51.8,51.8,51.7,51.8,0.1,82
2026-01-26,3037,欣興,43059381,14140887299,333.5,335.0,318.0,333.0,-6.0,36248
2026-01-26,3038,全台,341696,8273978,24.3,24.35,23.95,24.3,0.1,244
2026-01-26,3040,遠見,349952,17004240,49.5,49.5,48.05,48.05,-1.1,565
2026-01-26,3041,揚智,9789031,286402524,30.85,31.0,28.0,28.25,-0.6,6560
2026-01-26,3042,晶技,993536,88066091,89.2,89.2,88.2,88.2,-1.1,1593
2026-01-26,3043,科風,214054,5184159,24.1,24.5,24.1,24.15,0.0,270
2026-01-26,3044,健鼎,10297862,3764325303,368.0,376.0,354.0,369.5,9.0,10037
2026-01-26,3045,台灣大,5640075,605427233,107.5,108.0,107.0,107.5,0.0,2161
2026-01-26,3046,建碁,269579,14570817,55.0,55.1,53.7,53.8,-1.0,239
2026-01-26,3047,訊舟,2313778,46041223,19.8,20.45,19.65,19.8,0.25,1335
2026-01-26,3048,益登,2571506,105884431,41.0,41.9,40.5,40.85,0.25,2024
2026-01-26,3049,精金,17570255,164216726,10.0,10.0,9.02,9.4,-0.6,6716
2026-01-26,3050,鈺德,915322,13208781,14.4,14.55,14.35,14.55,0.15,519
2026-01-26,3051,力特,2293257,61793536,27.85,27.85,26.5,27.0,-0.75,1688
2026-01-26,3052,夆典,340245,3977402,11.6,11.75,11.6,11.7,0.05,223
2026-01-26,3054,立萬利,112012,3539233,29.6,32.15,29.6,31.9,1.95,123
2026-01-26,3055,蔚華科,209280,15011986,70.5,72.4,70.5,72.2,0.9,248
2026-01-26,3056,富華新,2094868,36308439,17.45,17.45,17.25,17.25,-0.2,1432
2026-01-26,3057,喬鼎,232594,4225781,18.25,18.35,18.05,18.2,-0.05,357
2026-01-26,3058,立德,2085587,22543330,10.75,10.95,10.5,10.9,0.15,814
2026-01-26,3059,華晶科,5973242,256186780,42.85,43.65,42.35,42.85,-0.3,4586
2026-01-26,3060,銘異,4109807,133013496,32.15,32.8,31.95,32.55,0.6,2783
2026-01-26,3062,建漢,8526078,230558675,26.95,27.8,26.6,26.8,0.5,4416
2026-01-26,3090,日電貿,2976821,297642782,102.0,102.0,99.5,99.5,-2.0,2768
2026-01-26,3092,鴻碩,1146936,28761009,25.9,26.6,24.4,24.85,-0.95,1260
2026-01-26,3094,聯傑,576617,15324479,26.3,26.85,26.05,26.6,0.65,475
2026-01-26,3130,一零四,23413,5210558,222.5,223.0,222.0,222.5,0.0,215
2026-01-26,3135,凌航,4632379,573691113,123.0,128.0,118.5,125.0,3.5,3646
2026-01-26,3138,耀登,1738434,313006425,176.0,183.0,176.0,182.5,9.5,2155
2026-01-26,3149,正達,17607261,1015127623,59.3,59.6,56.5,57.4,-1.9,10980
2026-01-26,3150,鈺寶-創,97000,1881150,19.6,19.6,19.05,19.35,-0.25,55
2026-01-26,3164,景岳,243998,4455697,18.55,18.55,17.85,18.1,-0.35,387
2026-01-26,3167,大量,8841052,2080811600,229.0,240.0,227.0,236.0,8.0,13453
2026-01-26,3168,眾福科,29050,1189692,41.85,41.85,40.8,40.8,-0.2,27
2026-01-26,3189,景碩,21470613,4496522545,210.0,214.0,205.5,208.0,0.0,38529
2026-01-26,3209,全科,706119,23847502,33.85,34.25,33.45,33.65,0.0,678
2026-01-26,3229,晟鈦,105263,2452650,22.55,23.95,22.55,23.3,0.0,91
2026-01-26,3231,緯創,29443636,4023205658,137.0,138.0,135.5,136.5,0.0,21631
2026-01-26,3257,虹冠電,1138550,81391357,71.9,72.7,70.5,70.8,-1.1,1308
2026-01-26,3266,昇陽,43635,605325,13.9,13.9,13.85,13.85,0.15,31
2026-01-26,3296,勝德,199876,5085365,24.9,25.75,24.9,25.4,0.5,199
2026-01-26,3305,昇貿,17706151,2216019658,126.5,128.5,122.0,124.0,-1.0,13173
2026-01-26,3308,聯德,293301,6944602,23.05,24.1,23.05,24.1,0.95,318
2026-01-26,3311,閎暉,199986,6732312,33.8,34.2,33.45,33.7,-0.1,224
2026-01-26,3312,弘憶股,3055788,129542002,41.65,43.2,40.85,42.75,1.75,2201
2026-01-26,3321,同泰,391036,7466784,19.75,19.75,18.85,18.9,0.05,567
2026-01-26,3338,泰碩,1412111,80414453,58.5,58.5,56.3,56.4,-3.1,1414
2026-01-26,3346,麗清,748973,16935928,23.1,23.15,22.35,22.45,-0.4,502
2026-01-26,3356,奇偶,1773585,92376393,52.9,53.7,51.2,51.4,0.7,2746
2026-01-26,3376,新日興,4111708,929227941,225.0,231.0,220.5,225.0,-1.5,5011
2026-01-26,3380,明泰,5458637,193236829,35.7,36.35,34.55,34.6,-0.35,3306
2026-01-26,3406,玉晶光,1480257,703454590,476.0,484.0,465.5,466.0,-7.5,2592
2026-01-26,3413,京鼎,1082706,308379791,281.5,288.5,280.5,286.5,5.0,1426
2026-01-26,3416,融程電,282637,43076477,155.0,155.0,151.0,153.0,-2.0,470
2026-01-26,3419,譁裕,464227,6907381,14.95,15.1,14.7,14.7,-0.2,260
2026-01-26,3432,台端,234334,4058888,18.3,18.3,17.0,17.85,-0.35,166
2026-01-26,3437,榮創,582241,9069636,15.25,15.75,15.25,15.7,0.45,330
2026-01-26,3443,創意,3266890,8662829690,2700.0,2720.0,2600.0,2620.0,-105.0,13501
2026-01-26,3447,展達,299887,14052227,47.3,47.85,46.65,47.0,-0.3,257
2026-01-26,3450,聯鈞,6026213,1519176239,255.5,262.0,246.0,251.5,-4.5,8184
2026-01-26,3454,晶睿,88231,8739899,99.0,99.2,99.0,99.0,0.0,98
2026-01-26,3481,群創,451933019,11077145493,24.55,25.35,24.05,24.55,0.55,149032
2026-01-26,3494,誠研,614690,5938134,10.2,10.2,9.4,9.99,-0.01,389
2026-01-26,3501,維熹,1551533,88345131,56.0,58.2,55.8,56.4,1.4,1519
2026-01-26,3504,揚明光,705017,40973443,57.4,59.5,57.2,58.3,1.1,639
2026-01-26,3515,華擎,257931,58915562,228.5,229.5,227.0,229.5,2.5,383
2026-01-26,3518,柏騰,470163,10718043,22.95,23.2,22.5,23.0,0.1,368
2026-01-26,3528,安馳,105478,7331436,69.2,70.0,69.1,69.2,0.0,106
2026-01-26,3530,晶相光,336448,25455365,74.6,76.6,74.5,75.0,0.9,691
2026-01-26,3532,台勝科,14116693,2114816670,147.0,161.0,140.0,155.0,8.5,10345
2026-01-26,3533,嘉澤,2506280,3764886080,1455.0,1550.0,1435.0,1480.0,30.0,5049
2026-01-26,3535,晶彩科,7778088,789498486,100.0,105.5,98.8,103.0,3.8,5066
2026-01-26,3543,州巧,6094633,301857976,50.0,51.3,48.35,49.0,-0.75,3835
2026-01-26,3545,敦泰,1487598,83752201,56.2,57.2,55.1,57.1,1.8,1372
2026-01-26,3550,聯穎,4849623,78407137,15.2,16.5,15.2,16.0,1.0,2319
2026-01-26,3557,嘉威,81463,2923865,36.4,36.4,35.75,35.95,-0.2,131
2026-01-26,3563,牧德,1292742,661455210,504.0,527.0,501.0,503.0,10.0,1896
2026-01-26,3576,聯合再生,10069558,107631007,10.6,10.95,10.5,10.7,0.35,3558
2026-01-26,3583,辛耘,430033,141303824,335.0,337.0,324.5,327.5,-4.0,1116
2026-01-26,3588,通嘉,646476,35459169,54.7,55.4,54.3,55.4,0.4,663
2026-01-26,3591,艾笛森,669587,13549314,20.05,20.65,19.85,20.5,0.45,512
2026-01-26,3592,瑞鼎,927843,221865358,243.0,243.0,237.0,238.0,-3.0,6345
2026-01-26,3593,力銘,20033,238780,12.0,12.0,11.75,11.75,-0.25,175
2026-01-26,3596,智易,1140160,208301004,183.5,186.0,181.0,181.0,-2.0,2109
2026-01-26,3605,宏致,1528225,96688148,63.6,64.0,62.7,63.6,0.0,1162
2026-01-26,3607,谷崧,460576,7003770,15.1,15.75,14.95,15.1,0.0,352
2026-01-26,3617,碩天,313883,60279602,195.0,198.0,190.5,192.0,-3.0,529
2026-01-26,3622,洋華,1273177,87682627,70.0,70.8,68.2,68.4,-2.1,1239
2026-01-26,3645,達邁,17331280,1236632176,66.9,73.0,66.4,73.0,6.6,12978
2026-01-26,3652,精聯,46100,1320060,28.8,28.8,28.5,28.75,0.0,24
2026-01-26,3653,健策,1788030,4950962175,2845.0,2845.0,2730.0,2740.0,-55.0,6943
2026-01-26,3661,世芯-KY,1817705,6326258560,3460.0,3520.0,3410.0,3520.0,90.0,10406
2026-01-26,3665,貿聯-KY,1925319,2725693385,1395.0,1435.0,1385.0,1430.0,40.0,4623
2026-01-26,3669,圓展,95735,3691306,38.2,39.1,38.2,38.6,0.4,108
2026-01-26,3673,TPK-KY,1105461,47016778,42.35,42.9,42.0,42.65,0.4,855
2026-01-26,3679,新至陞,74932,8672675,114.0,116.5,114.0,115.0,1.5,105
2026-01-26,3686,達能,393744,7747819,19.5,20.15,19.35,19.7,0.2,380
2026-01-26,3694,海華,5726706,376966937,61.5,67.1,60.8,67.1,6.1,3879
2026-01-26,3701,大眾控,3119534,161744911,52.8,52.9,51.0,52.3,0.2,2265
2026-01-26,3702,大聯大,4407987,278427316,63.6,63.7,62.8,63.3,-0.2,2612
2026-01-26,3703,欣陸,441283,10286100,23.3,23.35,23.2,23.3,0.0,292
2026-01-26,3704,合勤控,8060755,311993694,38.45,39.35,38.0,39.15,0.45,5165
2026-01-26,3705,永信,361373,20479954,56.8,57.0,56.4,56.6,-0.2,408
2026-01-26,3706,神達,7619996,631948790,83.4,83.7,82.7,82.7,-0.6,6730
2026-01-26,3708,上緯投控,1473855,182909634,125.0,127.0,122.0,123.0,-1.5,2360
2026-01-26,3711,日月光投控,15664949,4870658108,308.5,315.0,306.0,312.0,4.5,16714
2026-01-26,3712,永崴投控,1183084,32893347,28.4,28.4,27.5,27.65,-0.75,909
2026-01-26,3714,富采,9641473,356230866,35.4,38.2,35.4,37.9,2.7,5864
2026-01-26,3715,定穎投控,65778609,9910344710,143.5,155.5,141.0,155.5,14.0,50891
2026-01-26,3716,中化控股,194038,6580473,33.7,34.0,33.6,33.95,0.05,237
2026-01-26,3717,聯嘉投控,881952,16686298,19.2,19.2,18.65,18.85,-0.15,496
2026-01-26,4104,佳醫,163291,12994395,79.0,79.9,79.0,79.7,0.7,568
2026-01-26,4106,雃博,77774,1782654,22.9,23.1,22.8,23.05,-0.05,123
2026-01-26,4108,懷特,166823,2313695,13.8,14.0,13.8,13.9,0.1,208
2026-01-26,4119,旭富,124030,6673835,53.9,54.5,53.4,53.9,0.0,170
2026-01-26,4133,亞諾法,94025,2266018,24.2,24.35,23.8,24.0,0.3,210
2026-01-26,4137,麗豐-KY,126343,13504300,107.5,108.0,106.0,106.0,0.0,163
2026-01-26,4142,國光生,2003168,38491853,19.3,19.4,19.1,19.2,-0.1,1155
2026-01-26,4148,全宇生技-KY,14050,541175,38.4,38.6,38.4,38.5,-0.1,12
2026-01-26,4155,訊映,189086,2755812,14.65,14.65,14.55,14.65,0.0,199
2026-01-26,4164,承業醫,754831,26494918,35.75,35.75,34.9,35.2,-0.2,794
2026-01-26,4190,佐登-KY,31910,947549,29.75,29.75,29.6,29.6,-0.05,74
2026-01-26,4306,炎洲,1271746,18063666,14.1,14.3,14.1,14.2,0.2,688
2026-01-26,4414,如興,454739,4791799,10.45,10.7,10.45,10.7,0.25,211
2026-01-26,4426,利勤,537828,5299434,9.55,10.15,9.55,9.91,0.36,312
2026-01-26,4438,廣越,315271,21884866,69.2,70.2,69.0,69.9,0.7,116
2026-01-26,4439,冠星-KY,16004,1616902,101.0,101.5,101.0,101.0,0.0,17
2026-01-26,4440,宜新實業,136259,2359639,17.4,17.5,17.2,17.45,0.05,72
2026-01-26,4441,振大環球,83465,22288246,273.0,273.0,265.0,267.5,-8.0,646
2026-01-26,4526,東台,3972914,146791332,37.1,37.65,36.5,36.75,-0.7,3051
2026-01-26,4532,瑞智,1454547,37871616,25.75,26.2,25.65,26.1,0.45,780
2026-01-26,4536,拓凱,162849,26853637,165.0,166.0,164.0,164.5,-0.5,193
2026-01-26,4540,全球傳動,7054185,355859065,50.5,51.5,49.35,50.6,0.8,5083
2026-01-26,4545,銘鈺,212750,7772814,36.4,37.05,36.05,37.05,0.9,182
2026-01-26,4551,智伸科,510362,63328163,127.0,127.0,123.0,123.5,-2.0,537
2026-01-26,4552,力達-KY,35571,864256,24.3,24.4,24.2,24.3,0.0,58
2026-01-26,4555,氣立,204268,8564458,41.9,42.65,41.45,41.5,-0.4,411
2026-01-26,4557,永新-KY,171715,12460130,73.3,73.3,72.2,72.6,-0.6,313
2026-01-26,4560,強信-KY,585020,18915442,32.25,32.7,32.0,32.0,-0.3,209
2026-01-26,4562,穎漢,3363591,144562910,41.7,44.35,41.5,42.5,0.9,2543
2026-01-26,4564,元翎,807662,13699458,16.8,17.15,16.75,17.0,0.2,423
2026-01-26,4566,時碩工業,671088,41201337,61.0,61.8,60.6,61.6,0.7,678
2026-01-26,4569,六方科-KY,22403,3317131,148.0,148.5,148.0,148.0,0.0,32
2026-01-26,4571,鈞興-KY,1451859,258334225,172.5,184.0,170.0,180.0,10.0,1712
2026-01-26,4572,駐龍,76040,11390021,151.0,151.0,149.0,149.5,0.0,80
2026-01-26,4576,大銀微系統,2956883,372889231,122.0,129.0,121.5,125.0,3.5,2982
2026-01-26,4581,光隆精密-KY,32500,1683649,51.4,52.0,51.4,52.0,0.7,29
2026-01-26,4583,台灣精銳,1252181,1002607884,770.0,832.0,759.0,806.0,47.0,2927
2026-01-26,4585,達明,2519762,915615449,340.0,370.5,338.5,361.5,24.5,4939
2026-01-26,4588,玖鼎電力,226714,15826637,71.8,71.8,68.9,69.1,-1.4,316
2026-01-26,4720,德淵,588128,10022196,16.8,17.15,16.8,17.05,0.25,334
2026-01-26,4722,國精化,2141771,355771969,171.5,172.0,164.0,166.0,-6.0,18367
2026-01-26,4736,泰博,379128,50985687,136.5,137.0,133.0,134.0,-1.5,1773
2026-01-26,4737,華廣,177896,9757576,54.1,55.9,54.0,55.0,0.5,222
2026-01-26,4739,康普,1097771,82400315,75.0,76.6,74.0,76.0,1.0,1204
2026-01-26,4746,台耀,1497018,90809381,61.8,62.3,59.4,59.7,-1.8,1532
2026-01-26,4755,三福化,298696,37209145,127.0,127.0,123.0,124.5,-1.5,444
2026-01-26,4763,材料*-KY,3356213,168878071,50.5,50.7,50.0,50.5,0.3,2226
2026-01-26,4764,雙鍵,1266835,151110742,118.0,123.0,116.0,118.5,0.0,1084
2026-01-26,4766,南寶,277734,88745155,317.5,322.0,316.5,322.0,4.5,979
2026-01-26,4770,上品,686753,169625734,245.0,257.0,239.5,247.5,5.5,739
2026-01-26,4771,望隼,72981,13135438,180.5,181.0,178.5,179.0,0.0,220
2026-01-26,4807,日成-KY,8532,153197,18.0,18.15,17.85,18.0,-0.45,28
2026-01-26,4904,遠傳,2642781,238912628,90.0,90.8,89.6,90.7,1.3,2061
2026-01-26,4906,正文,5472144,157014396,28.4,29.25,28.2,28.3,0.1,3268
2026-01-26,4912,聯德控股-KY,2686458,282210344,105.5,106.5,102.5,105.5,3.5,1703
2026-01-26,4915,致伸,1395443,110663985,78.7,79.7,78.6,79.2,0.5,1056
2026-01-26,4916,事欣科,31863743,2209261633,69.0,71.0,67.3,69.0,4.2,22453
2026-01-26,4919,新唐,4774967,285171935,58.7,60.6,58.3,59.5,1.0,3403
2026-01-26,4927,泰鼎-KY,12571437,446778385,36.75,37.2,34.7,34.9,-1.5,6709
2026-01-26,4930,燦星網,38209,843191,22.0,22.2,22.0,22.05,0.05,112
2026-01-26,4934,太極,6181341,107494493,16.5,17.9,16.4,17.9,1.6,2819
2026-01-26,4935,茂林-KY,139626,5631055,40.75,40.8,40.2,40.3,-0.5,133
2026-01-26,4938,和碩,11658086,826022994,71.0,71.3,70.4,70.9,0.7,7228
2026-01-26,4942,嘉彰,201970,7650059,38.1,38.1,37.7,37.9,-0.3,215
2026-01-26,4943,康控-KY,61351,725548,12.2,12.2,11.7,11.85,-0.35,68
2026-01-26,4949,有成精密,5532721,272054944,48.0,49.7,47.9,49.7,4.5,2696
2026-01-26,4952,凌通,372016,14585732,38.05,40.0,38.05,39.0,1.0,331
2026-01-26,4956,光鋐,898697,18842906,20.8,21.45,20.5,20.85,0.05,525
2026-01-26,4958,臻鼎-KY,8266005,1369261578,170.0,170.0,164.5,164.5,-6.0,21798
2026-01-26,4960,誠美材,884713,12327917,13.95,14.0,13.8,13.9,0.0,435
2026-01-26,4961,天鈺,859708,132323057,153.5,155.5,153.0,154.5,3.0,999
2026-01-26,4967,十銓,6721861,1486390980,215.0,225.5,215.0,225.5,20.5,7282
2026-01-26,4968,立積,2239526,286658101,123.5,131.5,123.5,128.5,4.5,2174
2026-01-26,4976,佳凌,4574264,157615295,32.7,35.1,32.45,35.1,3.15,3204
2026-01-26,4977,眾達-KY,1850159,225027588,122.5,125.0,119.5,120.5,-2.5,1943
2026-01-26,4989,榮科,9608304,547582519,57.5,58.8,56.0,57.3,-1.1,6885
2026-01-26,4994,傳奇,11887,1229789,102.0,104.5,102.0,104.0,3.0,27
2026-01-26,4999,鑫禾,88771,2114117,23.65,24.0,23.65,23.85,0.2,184
2026-01-26,5007,三星,62039,3557283,57.0,57.8,56.7,56.7,-0.3,88
2026-01-26,5203,訊連,139705,12224840,88.6,88.6,87.0,87.0,-0.5,281
2026-01-26,5215,科嘉-KY,32163,1235913,38.5,38.6,38.0,38.55,0.05,31
2026-01-26,5222,全訊,2030353,303236487,150.5,152.0,147.0,148.0,-0.5,2896
2026-01-26,5225,東科-KY,564727,61493624,109.0,110.5,108.0,108.5,0.0,465
2026-01-26,5234,達興材料,1541098,508082767,341.0,343.5,324.5,328.5,-7.5,3212
2026-01-26,5243,乙盛-KY,10280357,903266332,82.6,90.0,82.3,89.0,6.8,8418
2026-01-26,5244,弘凱,78563,3068567,39.0,39.25,38.9,38.9,-0.4,74
2026-01-26,5258,虹堡,326369,19947918,62.1,62.4,60.6,61.1,-0.6,536
2026-01-26,5269,祥碩,2753200,3788023300,1350.0,1420.0,1340.0,1375.0,25.0,5177
2026-01-26,5283,禾聯碩,154865,9413422,60.4,61.1,60.3,61.0,0.7,295
2026-01-26,5284,jpp-KY,607009,164524450,274.5,276.0,269.0,271.5,-1.0,1074
2026-01-26,5285,界霖,484443,26592034,54.0,55.6,54.0,54.9,0.4,577
2026-01-26,5288,豐祥-KY,144265,21403026,151.5,151.5,147.5,148.0,-2.5,231
2026-01-26,5292,華懋,680875,139014434,219.0,219.0,199.5,201.0,-17.5,10459
2026-01-26,5306,桂盟,98183,9196947,93.3,94.8,93.1,94.2,0.6,246
2026-01-26,5388,中磊,8413306,714052300,85.2,86.9,83.3,83.6,-0.8,6271
2026-01-26,5434,崇越,454968,150106724,329.5,332.0,328.0,329.0,0.5,1127
2026-01-26,5469,瀚宇博,8194820,862172972,109.0,109.0,103.0,103.5,-3.5,5837
2026-01-26,5471,松翰,811799,29768521,36.1,37.35,35.85,37.2,1.1,732
2026-01-26,5484,慧友,2365621,105606617,45.05,47.5,43.1,46.0,0.7,2804
2026-01-26,5515,建國,537329,18003964,33.8,34.15,33.2,33.55,-0.4,1380
2026-01-26,5519,隆大,348321,11005477,31.7,31.8,31.5,31.55,-0.15,268
2026-01-26,5521,工信,8980351,196241799,22.2,22.3,21.3,22.25,-0.15,3701
2026-01-26,5522,遠雄,600440,40093972,67.3,67.6,66.4,66.8,-0.6,550
2026-01-26,5525,順天,92861,2386938,26.1,26.1,25.5,25.75,-0.15,118
2026-01-26,5531,鄉林,522345,4688941,9.02,9.02,8.94,9.0,0.0,154
2026-01-26,5533,皇鼎,282116,4020975,14.35,14.4,14.1,14.3,0.05,122
2026-01-26,5534,長虹,537547,42884230,80.6,80.6,79.5,79.7,-0.3,464
2026-01-26,5538,東明-KY,17242,554822,33.15,33.15,32.05,32.05,-0.05,29
2026-01-26,5546,永固-KY,42166,950115,22.7,22.7,22.3,22.3,-0.35,21
2026-01-26,5607,遠雄港,365282,17374306,47.6,48.5,47.25,48.1,0.5,1675
2026-01-26,5608,四維航,1643006,29050168,17.5,17.9,17.45,17.85,0.25,800
2026-01-26,5706,鳳凰,171899,8620086,50.3,50.6,49.8,50.0,0.0,174
2026-01-26,5871,中租-KY,4802732,510984198,106.0,107.0,105.0,107.0,1.0,3220
2026-01-26,5871A,中租-KY甲特,171820,17353320,101.0,101.0,100.5,101.0,0.0,27
2026-01-26,5876,上海商銀,8329408,331593274,39.7,40.0,39.45,40.0,0.45,3319
2026-01-26,5880,合庫金,18387586,436074593,23.75,23.8,23.65,23.8,0.05,7860
2026-01-26,5906,台南-KY,4254,219319,51.5,52.0,51.0,51.0,-1.0,9
2026-01-26,5907,大洋-KY,544809,3261497,5.86,6.05,5.86,5.98,0.12,203
2026-01-26,6005,群益證,5833952,168402079,28.55,29.0,28.55,29.0,0.45,2928
2026-01-26,6024,群益期,375318,19576518,51.9,52.4,51.9,52.2,0.3,286
2026-01-26,6108,競國,561187,8719367,15.5,15.65,15.3,15.4,-0.05,394
2026-01-26,6112,邁達特,421375,20358576,48.1,48.65,48.0,48.25,0.25,552
2026-01-26,6115,鎰勝,76112,3614144,47.6,47.7,47.2,47.4,0.0,100
2026-01-26,6116,彩晶,32896550,304453197,9.18,9.7,9.06,9.16,0.13,14340
2026-01-26,6117,迎廣,456144,36548542,79.5,80.8,79.0,80.6,2.1,409
2026-01-26,6120,達運,8514391,118544128,13.55,14.3,13.5,14.05,0.7,3187
2026-01-26,6128,上福,209454,5008656,23.55,24.1,23.55,23.8,0.6,180
2026-01-26,6133,金橋,19741993,478998298,23.95,25.5,22.4,25.5,2.3,9647
2026-01-26,6136,富爾特,79465,1925900,24.25,24.35,24.05,24.15,0.15,138
2026-01-26,6139,亞翔,3711551,2019530357,548.0,562.0,535.0,541.0,-11.0,7931
2026-01-26,6141,柏承,401744,4781328,11.8,12.0,11.7,11.9,0.2,284
2026-01-26,6142,友勁,1780340,17948841,10.15,10.3,9.7,10.3,0.0,685
2026-01-26,6152,百一,5869254,82815265,14.7,14.7,13.8,14.2,-0.6,2511
2026-01-26,6153,嘉聯益,5526059,101737401,18.0,18.55,17.85,18.55,1.65,1854
2026-01-26,6155,鈞寶,3909231,221064924,57.8,58.2,55.5,57.1,-0.6,3740
2026-01-26,6164,華興,847042,10934279,12.9,13.0,12.7,12.95,0.2,610
2026-01-26,6165,浪凡,844500,36530160,44.4,44.4,42.9,43.45,-0.6,626
2026-01-26,6166,凌華,505762,32620382,64.1,65.2,62.2,64.4,0.7,627
2026-01-26,6168,宏齊,1410543,30449301,21.2,21.9,21.2,21.75,0.7,823
2026-01-26,6176,瑞儀,1481100,185568231,127.0,127.0,124.0,125.5,-1.5,1802
2026-01-26,6177,達麗,1924039,94719049,50.6,50.6,48.8,48.8,-1.3,1817
2026-01-26,6183,關貿,38028,3620747,95.4,95.5,95.0,95.1,-0.4,76
2026-01-26,6184,大豐電,104771,5082472,48.4,48.7,48.3,48.45,0.05,78
2026-01-26,6189,豐藝,362787,16436527,45.6,45.6,45.1,45.25,-0.35,1612
2026-01-26,6191,精成科,11580221,1375478460,120.5,121.5,117.0,117.5,-2.0,7996
2026-01-26,6192,巨路,284863,35304796,123.5,125.5,123.0,123.5,1.0,288
2026-01-26,6196,帆宣,1672937,485614937,293.5,298.0,287.5,289.0,-3.0,2516
2026-01-26,6197,佳必琪,706721,104785324,149.0,150.0,147.0,147.5,0.0,1001
2026-01-26,6201,亞弘電,13812,760178,55.3,55.3,54.8,54.8,-0.5,32
2026-01-26,6202,盛群,10004484,473495589,44.15,48.4,44.05,48.4,4.4,7178
2026-01-26,6205,詮欣,550491,30676495,56.2,56.5,55.3,55.3,-0.9,410
2026-01-26,6206,飛捷,297749,27876597,93.0,94.3,93.0,93.5,0.0,330
2026-01-26,6209,今國光,10031823,725619600,68.8,73.4,68.6,73.4,6.6,4688
2026-01-26,6213,聯茂,9476627,1116415450,119.5,121.0,116.0,117.5,-2.0,6905
2026-01-26,6214,精誠,1084225,130886663,119.0,122.0,118.5,121.0,3.5,1085
2026-01-26,6215,和椿,4596213,564738648,122.5,124.5,120.5,122.0,0.5,5451
2026-01-26,6216,居易,456802,13188138,28.6,29.1,28.6,28.95,0.4,371
2026-01-26,6224,聚鼎,137217,5784755,43.0,43.0,41.9,42.15,-0.65,221
2026-01-26,6225,天瀚,34120,611527,17.5,18.25,17.3,17.3,0.3,32
2026-01-26,6226,光鼎,900685,8431537,9.3,9.67,9.07,9.67,0.57,540
2026-01-26,6230,尼得科超眾,75464,9294950,123.5,125.5,121.5,121.5,-2.0,459
2026-01-26,6235,華孚,636054,39656494,61.9,62.8,61.9,62.7,0.8,598
2026-01-26,6239,力成,14568688,3715312156,250.0,259.5,248.0,257.5,11.0,16919
2026-01-26,6243,迅杰,344147,12435151,35.3,36.55,35.3,36.15,1.35,498
2026-01-26,6257,矽格,7420081,1002942857,133.5,137.0,131.5,136.0,2.5,5405
2026-01-26,6269,台郡,2042389,124768919,61.0,61.8,60.4,60.6,0.1,1804
2026-01-26,6271,同欣電,31451951,4908102464,159.0,162.5,151.0,152.5,-0.5,22561
2026-01-26,6272,驊陞,379709,15653259,41.75,42.0,40.95,41.45,-0.3,266
2026-01-26,6277,宏正,124657,7614275,60.5,61.5,60.5,60.9,0.2,123
2026-01-26,6278,台表科,1334363,128540743,96.7,97.0,96.0,96.0,-0.6,1161
2026-01-26,6281,全國電,46462,2893384,62.5,62.5,62.1,62.1,-0.1,59
2026-01-26,6282,康舒,62372817,3635364144,60.0,60.4,57.2,58.8,-0.7,35868
2026-01-26,6283,淳安,152397,3729195,24.4,24.75,24.3,24.5,0.25,136
2026-01-26,6285,啟碁,63600165,10064770227,157.0,166.0,152.5,157.5,2.5,42157
2026-01-26,6405,悅城,456610,14181244,31.05,32.0,30.6,30.95,-0.1,426
2026-01-26,6409,旭隼,780762,717812025,932.0,937.0,912.0,921.0,-16.0,3021
2026-01-26,6412,群電,1473033,124595521,84.5,86.5,83.2,83.5,-0.6,1384
2026-01-26,6414,樺漢,642401,185631735,291.0,291.0,288.0,288.5,-2.5,1073
2026-01-26,6415,矽力*-KY,6679028,1743833825,268.0,268.0,255.0,261.5,-3.5,8388
2026-01-26,6416,瑞祺電通,324230,28198400,87.6,89.3,85.8,86.1,-0.2,1318
2026-01-26,6426,統新,438058,39255825,89.1,91.7,88.6,89.2,0.6,629
2026-01-26,6431,光麗-KY,375516,10752810,28.6,29.3,28.1,28.1,-0.4,180
2026-01-26,6438,迅得,2298195,358328694,151.0,159.5,147.0,159.0,9.5,2496
2026-01-26,6442,光聖,3290708,4373714040,1365.0,1375.0,1295.0,1300.0,-55.0,7482
2026-01-26,6443,元晶,115671216,4793681122,40.3,42.7,40.2,41.35,2.25,55591
2026-01-26,6446,藥華藥,7284832,4687888643,613.0,660.0,612.0,660.0,60.0,12143
2026-01-26,6449,鈺邦,807789,147126492,184.5,186.5,180.0,181.0,-4.0,1368
2026-01-26,6451,訊芯-KY,517817,76339226,148.0,150.0,146.5,146.5,-1.5,718
2026-01-26,6456,GIS-KY,1003098,42533661,42.65,42.7,42.2,42.55,0.25,726
2026-01-26,6464,台數科,6857,523359,76.7,76.7,76.1,76.1,-0.7,14
2026-01-26,6472,保瑞,2454817,1347507668,541.0,563.0,536.0,542.0,5.0,4817
2026-01-26,6477,安集,1112278,40179414,35.5,36.7,35.4,36.05,0.65,795
2026-01-26,6491,晶碩,130386,37337498,286.0,288.0,283.0,287.5,1.0,634
2026-01-26,6504,南六,50507,2057561,40.55,41.1,40.55,40.55,-0.05,48
2026-01-26,6505,台塑化,20043668,1016078676,47.9,52.2,47.9,52.2,4.7,10726
2026-01-26,6515,穎崴,351437,1398164915,3960.0,4095.0,3895.0,4065.0,160.0,1632
2026-01-26,6525,捷敏-KY,182143,14506106,80.1,80.1,79.2,79.5,-0.6,239
2026-01-26,6526,達發,1953745,942165069,469.5,500.0,462.0,482.0,11.5,3433
2026-01-26,6531,愛普*,5333873,2421735565,463.0,469.0,445.0,450.0,-16.5,8512
2026-01-26,6533,晶心科,265916,65157424,245.5,246.5,243.0,245.5,2.0,696
2026-01-26,6534,正瀚-創,31162,2685199,86.4,86.7,86.0,86.0,-0.4,32
2026-01-26,6541,泰福-KY,609539,32182701,52.0,53.4,52.0,52.8,1.3,520
2026-01-26,6550,北極星藥業-KY,978090,30358154,30.95,31.6,30.7,31.1,-0.4,559
2026-01-26,6552,易華電,133832,3559536,26.2,27.05,25.8,27.0,0.35,85
2026-01-26,6558,興能高,1831843,70527503,37.7,39.1,37.45,38.75,0.8,1400
2026-01-26,6573,虹揚-KY,538187,8718733,16.45,16.5,15.8,16.3,-0.2,322
2026-01-26,6579,研揚,54486,6103661,111.5,113.5,111.5,112.5,0.5,86
2026-01-26,6581,鋼聯,12068,1287236,106.0,107.0,106.0,106.0,0.0,41
2026-01-26,6582,申豐,79026,2519475,31.5,32.35,31.45,31.95,0.45,139
2026-01-26,6585,鼎基,74081,6943645,93.5,95.0,92.4,94.0,0.5,158
2026-01-26,6589,台康生技,480069,31111697,65.0,65.8,64.1,64.3,-0.4,834
2026-01-26,6591,動力-KY,219004,15608117,71.5,72.4,71.0,71.1,-0.1,317
2026-01-26,6592,和潤企業,3496893,215679968,61.4,62.6,60.7,62.4,0.9,998
2026-01-26,6592A,和潤企業甲特,11124,1084559,97.3,97.7,97.3,97.7,0.4,20
2026-01-26,6592B,和潤企業乙特,12116,1186509,97.9,98.0,97.8,98.0,0.5,15
2026-01-26,6598,ABC-KY,64784,1545109,23.6,24.0,23.6,23.95,0.35,130
2026-01-26,6605,帝寶,596396,94866058,160.0,161.5,157.0,161.5,1.5,850
2026-01-26,6606,建德工業,131612,3534029,28.0,28.0,26.45,26.45,-0.1,104
2026-01-26,6614,資拓宏宇,117983,5674321,47.8,48.85,47.75,48.5,0.5,92
2026-01-26,6625,必應,94886,8309401,88.1,88.1,87.2,87.5,-0.4,347
2026-01-26,6641,基士德-KY,78009,1814185,23.45,23.6,23.15,23.15,-0.45,73
2026-01-26,6645,金萬林-創,24429,434945,17.95,17.95,17.65,17.9,0.1,29
2026-01-26,6655,科定,14075,1702009,119.5,121.5,119.5,120.5,-0.5,26
2026-01-26,6657,華安,1269431,67459459,53.0,53.3,51.2,53.3,4.8,590
2026-01-26,6658,聯策,270807,15507243,57.7,58.3,56.8,57.0,0.6,219
2026-01-26,6666,羅麗芬-KY,14032,619024,43.95,44.55,43.5,44.15,0.2,15
2026-01-26,6668,中揚光,392453,15471257,38.9,39.75,38.9,39.6,0.85,349
2026-01-26,6669,緯穎,1870675,7138896700,3745.0,3875.0,3740.0,3840.0,145.0,10452
2026-01-26,6670,復盛應用,159549,43562514,277.5,278.0,271.5,273.0,-4.0,1429
2026-01-26,6671,三能-KY,7000,262700,37.35,37.95,37.2,37.2,-0.05,7
2026-01-26,6672,騰輝電子-KY,3874353,396787386,101.0,104.5,100.5,100.5,1.0,3780
2026-01-26,6674,鋐寶科技,24036,502292,21.3,21.3,20.75,20.95,-0.1,27
2026-01-26,6689,伊雲谷,480846,30240424,62.5,63.6,62.3,62.9,1.2,804
2026-01-26,6691,洋基工程,689601,413717905,603.0,612.0,595.0,600.0,-3.0,1122
2026-01-26,6695,芯鼎,564838,25416687,45.0,45.55,44.55,45.3,0.65,614
2026-01-26,6698,旭暉應材,291181,10531860,36.25,36.45,35.9,36.1,-0.45,356
2026-01-26,6706,惠特,1695588,189109005,112.5,114.0,110.5,111.5,-2.0,1756
2026-01-26,6715,嘉基,238278,27276971,117.5,118.5,112.0,112.5,-2.0,1536
2026-01-26,6719,力智,746216,149327093,196.0,203.0,195.5,200.0,4.5,1063
2026-01-26,6722,輝創,335724,14142739,43.0,43.0,41.7,41.85,-0.85,469
2026-01-26,6742,澤米,866966,41554718,46.25,48.8,46.25,47.5,1.3,723
2026-01-26,6743,安普新,356828,10173843,28.95,29.45,28.0,28.05,-0.45,406
2026-01-26,6753,龍德造船,3784020,583164087,154.5,158.0,150.0,156.0,2.0,3618
2026-01-26,6754,匯僑設計,27640,1252652,45.2,45.5,45.2,45.3,0.1,37
2026-01-26,6756,威鋒電子,334099,28329580,84.4,85.9,83.4,85.5,2.1,548
2026-01-26,6757,台灣虎航,838400,57842085,68.9,69.6,68.3,69.5,0.3,895
2026-01-26,6768,志強-KY,392171,41934181,107.0,108.5,105.5,107.5,0.5,298
2026-01-26,6770,力積電,316571827,19337558827,58.5,63.7,58.5,60.6,2.1,156003
2026-01-26,6771,平和環保-創,32144,1431130,45.0,45.0,44.15,44.55,-0.45,22
2026-01-26,6776,展碁國際,1889881,115404605,59.9,62.8,58.9,60.3,0.3,1541
2026-01-26,6781,AES-KY,661658,791265185,1200.0,1220.0,1185.0,1190.0,-5.0,2551
2026-01-26,6782,視陽,128210,22434387,175.5,176.5,173.0,176.0,1.0,204
2026-01-26,6789,采鈺,3169609,910589345,283.0,291.0,282.0,283.0,8.0,4092
2026-01-26,6790,永豐實,83867,3204256,38.1,38.3,38.1,38.2,0.1,70
2026-01-26,6792,詠業,539049,33156506,63.2,63.2,59.5,59.5,-0.7,824
2026-01-26,6794,向榮生技,44126,3888492,89.9,89.9,87.3,87.6,-2.0,95
2026-01-26,6796,晉弘,91425,8116912,87.8,89.9,87.6,88.4,0.6,83
2026-01-26,6799,來頡,191350,16891140,87.5,89.0,87.4,88.7,1.2,301
2026-01-26,6805,富世達,1806855,2543903215,1400.0,1435.0,1375.0,1410.0,30.0,3521
2026-01-26,6806,森崴能源,4746583,258423009,57.1,57.1,53.3,53.9,-2.1,4088
2026-01-26,6807,峰源-KY,9102,416316,45.65,46.05,45.55,45.75,-0.1,11
2026-01-26,6830,汎銓,591903,104853188,177.5,181.0,174.0,175.0,-2.5,1430
2026-01-26,6831,邁科,1434812,363093875,241.5,262.0,241.0,255.0,16.0,2211
2026-01-26,6834,天二科技,980269,33064374,33.75,34.3,33.15,34.2,-0.2,788
2026-01-26,6835,圓裕,47001,1852490,39.0,39.9,39.0,39.25,0.35,34
2026-01-26,6838,台新藥,858122,25864392,31.0,31.1,29.45,30.05,-1.55,683
2026-01-26,6854,錼創科技-KY創,1087960,128072542,113.0,122.5,111.0,121.0,9.5,1196
2026-01-26,6861,睿生光電,172553,11623098,66.1,68.5,66.1,67.0,1.0,205
2026-01-26,6862,三集瑞-KY,417660,78315243,188.5,190.0,185.5,188.0,-0.5,660
2026-01-26,6863,永道-KY,82880,9568699,117.0,117.0,114.5,115.5,-1.0,263
2026-01-26,6869,雲豹能源,6280139,752065650,122.5,123.5,116.0,120.0,2.0,5063
2026-01-26,6873,泓德能源,707482,84631543,120.0,122.5,117.5,120.0,1.0,952
2026-01-26,6885,全福生技,268392,7515857,28.5,28.5,27.7,28.05,0.0,246
2026-01-26,6887,寶綠特-KY,3000,182200,60.7,60.8,60.7,60.8,0.8,3
2026-01-26,6890,來億-KY,386859,91789698,239.0,241.5,233.5,238.0,-1.0,552
2026-01-26,6901,鑽石投資,1839405,33525222,17.8,18.7,17.75,18.55,0.95,1034
2026-01-26,6902,GOGOLOOK,51485,4095621,79.9,80.5,78.3,79.0,-1.0,108
2026-01-26,6906,現觀科,26887,2108271,79.0,79.6,77.9,78.9,0.1,84
2026-01-26,6909,創控,553159,25649681,46.8,47.65,45.85,45.85,-1.0,476
2026-01-26,6914,阜爾運通,94875,13656753,143.5,144.5,143.0,143.5,0.0,135
2026-01-26,6916,華凌,151314,2856686,18.9,19.05,18.8,19.0,-0.3,83
2026-01-26,6918,愛派司,29112,2352462,81.1,81.1,80.5,80.5,-0.6,40
2026-01-26,6919,康霈*,9432731,1484375558,155.5,160.0,152.5,159.0,-9.5,14635
2026-01-26,6921,嘉雨思-創,133942,9522016,71.6,74.8,68.2,74.8,6.8,148
2026-01-26,6923,中台,443058,43570639,99.3,99.6,97.5,97.6,-2.0,480
2026-01-26,6924,榮惠-KY創,22001,1448765,66.9,66.9,64.6,64.9,-2.9,16
2026-01-26,6928,攸泰科技,219979,12312402,55.9,57.1,55.1,56.4,1.3,193
2026-01-26,6931,青松健康,172781,9738664,57.3,57.3,55.8,56.2,0.2,126
2026-01-26,6933,AMAX-KY,83244,12019789,145.0,146.0,142.5,143.5,0.0,114
2026-01-26,6936,永鴻生技,47085,1665326,35.4,35.5,35.2,35.35,-0.05,50
2026-01-26,6937,天虹,162064,35063459,216.0,217.5,215.5,215.5,-1.5,363
2026-01-26,6944,兆聯實業,548992,405437100,752.0,755.0,732.0,733.0,-15.0,1899
2026-01-26,6949,沛爾生醫-創,578263,265250229,435.5,473.0,426.0,473.0,43.0,654
2026-01-26,6951,青新-創,80611,6033808,75.2,75.2,74.5,74.5,-0.9,256
2026-01-26,6952,大武山,18734,802641,42.3,43.0,42.3,43.0,0.25,24
2026-01-26,6955,邦睿生技-創,37,6021,0.0,0.0,0.0,0.0,0.0,8
2026-01-26,6957,裕慶-KY,41939,7764343,188.0,188.0,182.5,182.5,-5.5,120
2026-01-26,6958,日盛台駿,38418,584948,15.6,15.6,15.1,15.2,-0.2,54
2026-01-26,6958A,日盛台駿甲特,26000,497200,19.1,19.15,19.1,19.15,0.05,14
2026-01-26,6962,奕力-KY,4376494,176735962,39.8,41.25,39.8,40.0,0.3,2864
2026-01-26,6965,中傑-KY,35753,2961566,83.4,83.8,82.0,83.4,0.0,74
2026-01-26,6969,成信實業*-創,30054,1006577,34.2,34.25,32.8,33.8,0.55,35
2026-01-26,6988,威力暘-創,67472,1285370,18.5,19.4,18.45,19.2,0.1,36
2026-01-26,6994,富威電力,667039,64358783,96.9,97.7,94.5,97.0,1.6,793
2026-01-26,7610,聯友金屬-創,730631,141338805,189.0,197.0,187.0,193.5,4.5,1620
2026-01-26,7631,聚賢研發-創,17245,2067937,118.5,122.5,118.0,122.5,0.0,18
2026-01-26,7705,三商餐飲,36818,1461572,39.4,39.85,39.4,39.7,0.3,61
2026-01-26,7711,永擎,176177,41451327,241.0,241.5,232.5,236.0,-4.0,566
2026-01-26,7721,微程式,56844,2757892,48.0,49.15,48.0,48.15,0.0,58
2026-01-26,7722,LINEPAY,207481,103631433,520.0,520.0,490.5,492.0,-28.0,2255
2026-01-26,7730,暉盛-創,18146,1852818,105.0,105.0,101.0,102.0,0.5,20
2026-01-26,7732,金興精密,19418,742289,38.55,38.55,38.0,38.0,0.0,26
2026-01-26,7736,虎山,372060,34563828,88.2,88.4,88.2,88.4,0.2,11
2026-01-26,7740,熙特爾-創,63556,10605326,164.5,170.0,164.0,164.0,0.0,72
2026-01-26,7749,意騰-KY,635415,274832594,448.0,457.0,418.0,420.5,-23.5,1347
2026-01-26,7750,新代,323658,295407998,920.0,928.0,899.0,920.0,-10.0,4768
2026-01-26,7765,中華資安,48115,12502543,263.0,263.0,259.0,259.5,-4.0,822
2026-01-26,7769,鴻勁,565094,2143311100,3730.0,3825.0,3730.0,3795.0,65.0,2656
2026-01-26,7780,大研生醫*,16430467,451203031,29.0,29.05,26.0,27.4,-1.45,12188
2026-01-26,7786,東方風能,455889,71716446,160.0,163.0,155.0,159.0,1.5,342
2026-01-26,7788,松川精密,1333749,230427598,167.5,183.5,162.0,178.0,7.0,1399
2026-01-26,7791,皇家可口,41891,2975870,71.1,71.4,70.8,71.1,0.0,45
2026-01-26,7795,長廣,1830934,666138962,365.0,380.0,353.0,356.0,-29.0,3539
2026-01-26,7799,禾榮科,252539,109370373,445.5,445.5,428.0,429.0,-12.0,853
2026-01-26,8011,台通,1497638,33715573,22.6,22.85,22.35,22.35,-0.3,828
2026-01-26,8016,矽創,419285,80527369,193.0,193.5,191.0,191.5,-0.5,732
2026-01-26,8021,尖點,2634064,600576755,228.0,232.5,225.5,229.5,-3.5,4208
2026-01-26,8028,昇陽半導體,3583737,625870685,175.0,177.5,172.5,174.5,-0.5,4019
2026-01-26,8033,雷虎,926883,143461908,155.0,156.0,153.0,156.0,4.5,1038
2026-01-26,8039,台虹,36562072,3480944516,95.2,99.9,92.1,93.4,-0.8,32782
2026-01-26,8045,達運光電,1773417,149288534,79.7,87.6,77.2,87.6,7.9,2036
2026-01-26,8046,南電,5186357,1924903760,374.0,375.0,368.5,370.0,-12.0,6688
2026-01-26,8070,長華*,7217681,350746138,49.3,49.7,47.5,48.85,-0.5,9770
2026-01-26,8072,陞泰,175212,5613705,31.95,32.25,31.9,32.2,0.3,152
2026-01-26,8081,致新,524998,120699955,232.5,233.5,228.0,232.5,0.0,3222
2026-01-26,8101,華冠,4576,71790,15.75,15.75,15.65,15.65,0.0,19
2026-01-26,8103,瀚荃,2257890,217816841,95.9,99.8,94.3,95.6,-0.4,7347
2026-01-26,8104,錸寶,2677861,102051770,38.55,39.0,37.6,38.0,-1.6,2767
2026-01-26,8105,凌巨,2898240,40241948,13.7,14.0,13.7,14.0,0.4,1201
2026-01-26,8110,華東,60960607,4893233455,77.5,83.0,76.3,83.0,7.5,45470
2026-01-26,8112,至上,26400858,2050605379,75.5,79.5,75.2,78.4,3.7,17137
2026-01-26,8112A,至上甲特,68521,3057992,44.6,44.7,44.6,44.65,0.05,73
2026-01-26,8114,振樺電,580413,111198478,193.5,196.0,190.5,191.0,-3.0,723
2026-01-26,8131,福懋科,55077275,4512691339,78.3,85.3,78.0,85.3,7.7,31188
2026-01-26,8150,南茂,41168460,2721691101,66.1,67.3,64.5,66.2,0.3,29245
2026-01-26,8162,微矽電子-創,200679,7811559,39.9,39.9,38.4,38.8,-0.95,196
2026-01-26,8163,達方,917214,30222786,32.9,33.15,32.7,32.75,-0.15,690
2026-01-26,8201,無敵,243747,3745281,15.5,15.55,15.0,15.4,-0.1,163
2026-01-26,8210,勤誠,2458018,2385928641,980.0,994.0,949.0,971.0,2.0,9047
2026-01-26,8213,志超,1792427,64461582,36.0,36.1,35.75,35.95,0.15,817
2026-01-26,8215,明基材,1671314,34665553,20.8,21.1,20.45,20.9,0.1,672
2026-01-26,8222,寶一,301429,13091924,43.0,43.8,43.0,43.3,0.45,321
2026-01-26,8249,菱光,2017150,120769251,59.8,60.8,59.1,59.3,-0.1,2262
2026-01-26,8261,富鼎,1451592,139038120,96.3,96.8,95.2,95.9,-1.0,1364
2026-01-26,8271,宇瞻,7934279,926099371,114.5,119.0,113.0,116.5,4.5,13675
2026-01-26,8341,日友,491752,38782356,79.6,79.7,78.1,78.6,-1.0,763
2026-01-26,8367,建新國際,35367,1528895,43.7,43.8,42.8,43.1,-0.3,24
2026-01-26,8374,羅昇,3237714,306407413,91.0,98.0,90.7,95.5,4.3,2887
2026-01-26,8404,百和興業-KY,437474,10359411,23.5,23.95,23.45,23.95,0.45,280
2026-01-26,8411,福貞-KY,62270,748580,12.1,12.1,11.9,12.1,0.0,90
2026-01-26,8422,可寧衛*,82363093,3303797042,40.7,41.5,39.25,40.1,-0.3,44504
2026-01-26,8429,金麗-KY,358772,2703294,7.54,7.58,7.47,7.56,0.02,259
2026-01-26,8438,昶昕,3345838,226837366,69.0,71.2,66.0,67.9,-1.4,2394
2026-01-26,8442,威宏-KY,49663,3518208,70.5,71.3,70.5,70.7,0.3,58
2026-01-26,8443,阿瘦,8013,92001,11.55,11.55,11.5,11.5,0.0,96
2026-01-26,8454,富邦媒,317425,60994396,193.5,194.0,191.0,191.5,-2.0,1147
2026-01-26,8462,柏文,95805,14163167,147.5,148.5,147.0,147.5,-1.0,143
2026-01-26,8463,潤泰材,59282,1581985,26.7,26.8,26.6,26.6,-0.1,49
2026-01-26,8464,億豐,608601,255324640,422.0,426.0,416.0,416.5,-4.0,646
2026-01-26,8466,美吉吉-KY,78755,1791032,23.25,23.25,22.5,22.75,-0.4,79
2026-01-26,8467,波力-KY,29465,5520450,185.5,189.0,185.5,188.0,-0.5,37
2026-01-26,8473,山林水,434167,16953600,38.8,39.4,38.8,39.15,0.45,360
2026-01-26,8476,台境*,1530305,31570504,20.8,20.8,20.45,20.65,0.2,866
2026-01-26,8478,東哥遊艇,131003,25131240,191.5,193.0,190.0,192.0,0.5,161
2026-01-26,8481,政伸,20202,854944,42.3,42.55,42.15,42.5,-0.05,17
2026-01-26,8482,商億-KY,6000,286200,47.85,47.9,47.5,47.5,0.45,5
2026-01-26,8487,愛爾達-創,16643,1338365,80.6,80.6,80.2,80.2,-0.2,69
2026-01-26,8488,吉源-KY,15004,149608,10.0,10.0,9.95,9.95,-0.05,11
2026-01-26,8499,鼎炫-KY,312218,101561625,316.5,332.5,311.0,329.0,16.5,505
2026-01-26,8926,台汽電,1251974,56087759,44.7,45.25,44.0,44.75,0.65,1446
2026-01-26,8940,新天地,90143,1841488,20.45,20.9,20.3,20.4,-0.2,101
2026-01-26,8996,高力,391244,285033532,727.0,730.0,725.0,730.0,12.0,852
2026-01-26,9103,美德醫療-DR,829661,3872686,4.63,4.7,4.56,4.68,0.09,302
2026-01-26,910322,康師傅-DR,24728,576937,24.2,24.2,23.05,23.2,-1.15,47
2026-01-26,9105,泰金寶-DR,12531938,77067120,6.14,6.19,6.12,6.15,0.01,2819
2026-01-26,910861,神州-DR,4000,22640,5.66,5.66,5.66,5.66,0.0,3
2026-01-26,9110,越南控-DR,64034,201201,3.05,3.25,3.05,3.24,0.22,20
2026-01-26,911608,明輝-DR,230448,649964,2.69,2.86,2.69,2.86,0.26,97
2026-01-26,911622,泰聚亨-DR,24006,93572,3.87,3.95,3.87,3.95,0.08,17
2026-01-26,911868,同方友友-DR,182800,239489,1.3,1.33,1.3,1.32,0.02,60
2026-01-26,912000,晨訊科-DR,2470958,6831286,2.74,2.83,2.7,2.79,0.08,453
2026-01-26,9136,巨騰-DR,156300,1277300,8.21,8.23,8.08,8.23,0.17,89
2026-01-26,9802,鈺齊-KY,1814501,173405547,95.5,96.3,95.3,95.8,-1.2,1940
2026-01-26,9902,台火,529220,9530499,17.7,18.15,17.7,17.95,0.3,380
2026-01-26,9904,寶成,8668576,270666838,31.2,31.45,30.7,31.4,0.5,3470
2026-01-26,9905,大華,58246,1167758,20.05,20.1,20.0,20.05,-0.05,49
2026-01-26,9906,欣巴巴,120556,5526586,46.35,46.35,45.5,46.1,0.1,166
2026-01-26,9907,統一實,1703784,32038622,18.95,18.95,18.7,18.7,0.05,883
2026-01-26,9908,大台北,354940,10554155,29.8,29.8,29.7,29.7,-0.1,273
2026-01-26,9910,豐泰,2979729,287055292,98.8,98.8,95.2,96.0,-2.8,2835
2026-01-26,9911,櫻花,173126,14595037,84.9,84.9,84.1,84.2,-0.5,297
2026-01-26,9912,偉聯,34579,415247,12.0,12.2,11.9,12.05,0.05,151
2026-01-26,9914,美利達,2869675,250954050,89.0,89.0,86.5,87.6,-1.2,2110
2026-01-26,9917,中保科,822776,87268168,107.0,107.0,105.5,106.0,-0.5,1063
2026-01-26,9918,欣天然,22450,888630,39.65,39.7,39.4,39.4,0.05,42
2026-01-26,9919,康那香,827557,13588800,16.2,16.6,16.2,16.3,0.15,553
2026-01-26,9921,巨大,1676710,156138444,93.3,94.0,92.0,93.9,1.0,1477
2026-01-26,9924,福興,43925,2190103,50.0,50.0,49.8,49.8,-0.2,402
2026-01-26,9925,新保,141111,5744508,40.75,40.75,40.65,40.7,0.0,134
2026-01-26,9926,新海,15238,751017,49.45,49.45,49.2,49.2,-0.05,28
2026-01-26,9927,泰銘,68759,4820982,70.3,70.3,70.0,70.1,-0.1,129
2026-01-26,9928,中視,13686,247011,18.05,18.1,18.05,18.05,0.05,34
2026-01-26,9929,秋雨,900,9259,0.0,0.0,0.0,0.0,0.0,5
2026-01-26,9930,中聯資源,47893,3382960,70.5,71.0,70.5,70.5,0.0,71
2026-01-26,9931,欣高,11114,379899,34.0,34.4,34.0,34.05,-0.25,26
2026-01-26,9933,中鼎,1455523,47123910,32.7,32.7,32.15,32.5,0.3,1146
2026-01-26,9934,成霖,729599,7692774,10.45,10.65,10.45,10.55,0.15,325
2026-01-26,9935,慶豐富,234583,4757146,20.45,20.5,20.1,20.3,-0.15,242
2026-01-26,9937,全國,94331,5444789,59.5,59.5,56.6,57.6,-0.9,99
2026-01-26,9938,百和,1071382,55050542,51.7,51.7,51.1,51.4,-0.3,905
2026-01-26,9939,宏全,797917,97126887,121.0,123.0,119.0,122.5,2.0,1122
2026-01-26,9940,信義,268733,5973679,22.3,22.3,22.15,22.2,0.0,190
2026-01-26,9941,裕融,1269528,100719182,80.0,80.0,79.1,79.5,-0.4,1564
2026-01-26,9941A,裕融甲特,7044,353241,50.2,50.4,50.2,50.4,0.1,21
2026-01-26,9942,茂順,95669,10669170,111.0,112.0,111.0,111.0,-1.5,127
2026-01-26,9943,好樂迪,48633,2906922,59.8,59.9,59.7,59.7,-0.1,92
2026-01-26,9944,新麗,40202,679614,16.9,16.95,16.8,16.95,-0.05,103
2026-01-26,9945,潤泰新,3461689,101403837,29.25,29.45,29.1,29.45,0.25,2138
2026-01-26,9946,三發地產,127448,2238134,17.8,17.8,17.4,17.5,-0.1,97
2026-01-26,9955,佳龍,5915593,228161429,38.6,39.2,38.05,38.45,1.7,3708
2026-01-26,9958,世紀鋼,1110252,154058417,139.0,141.5,137.5,137.5,-1.5,1195
